head,feature_set,fold,topK_pct,n_val,n_pos,n_top,top_pos,base_pct,prec_pct,lift
h2_hit_3_4h,daily,1,0.5,17296,1822,86,53,10.53422756706753,61.627906976744185,5.850254001480611
h2_hit_3_4h,daily,1,1.0,17296,1822,172,91,10.53422756706753,52.90697674418605,5.02238786919562
h2_hit_3_4h,daily,1,2.0,17296,1822,345,162,10.53422756706753,46.95652173913044,4.457519209659714
h2_hit_3_4h,daily,2,0.5,19527,3781,97,50,19.362933374302248,51.546391752577314,2.66211687847812
h2_hit_3_4h,daily,2,1.0,19527,3781,195,102,19.362933374302248,52.307692307692314,2.701434296991028
h2_hit_3_4h,daily,2,2.0,19527,3781,390,202,19.362933374302248,51.7948717948718,2.674949647020528
h2_hit_3_4h,daily,3,0.5,20200,3365,101,58,16.65841584158416,57.42574257425742,3.4472511144130755
h2_hit_3_4h,daily,3,1.0,20200,3365,202,99,16.65841584158416,49.00990099009901,2.942050520059435
h2_hit_3_4h,daily,3,2.0,20200,3365,404,184,16.65841584158416,45.54455445544555,2.734026745913819
h2_hit_3_4h,daily+4h,1,0.5,17296,1822,86,48,10.53422756706753,55.81395348837209,5.29834324662395
h2_hit_3_4h,daily+4h,1,1.0,17296,1822,172,90,10.53422756706753,52.32558139534884,4.967196793709953
h2_hit_3_4h,daily+4h,1,2.0,17296,1822,345,166,10.53422756706753,48.11594202898551,4.567581412367362
h2_hit_3_4h,daily+4h,2,0.5,19527,3781,97,57,19.362933374302248,58.76288659793815,3.034813241465057
h2_hit_3_4h,daily+4h,2,1.0,19527,3781,195,113,19.362933374302248,57.948717948717956,2.992765446666531
h2_hit_3_4h,daily+4h,2,2.0,19527,3781,390,210,19.362933374302248,53.84615384615385,2.7808882469025287
h2_hit_3_4h,daily+4h,3,0.5,20200,3365,101,68,16.65841584158416,67.32673267326733,4.041604754829123
h2_hit_3_4h,daily+4h,3,1.0,20200,3365,202,124,16.65841584158416,61.386138613861384,3.6849925705794946
h2_hit_3_4h,daily+4h,3,2.0,20200,3365,404,222,16.65841584158416,54.95049504950495,3.298662704309064
h2_hit_3_4h,daily+1h,1,0.5,17296,1822,86,49,10.53422756706753,56.97674418604651,5.4087253975952825
h2_hit_3_4h,daily+1h,1,1.0,17296,1822,172,98,10.53422756706753,56.97674418604651,5.4087253975952825
h2_hit_3_4h,daily+1h,1,2.0,17296,1822,345,169,10.53422756706753,48.98550724637681,4.650128064398097
h2_hit_3_4h,daily+1h,2,0.5,19527,3781,97,62,19.362933374302248,63.91752577319587,3.301024929312869
h2_hit_3_4h,daily+1h,2,1.0,19527,3781,195,118,19.362933374302248,60.51282051282051,3.125188696519032
h2_hit_3_4h,daily+1h,2,2.0,19527,3781,390,227,19.362933374302248,58.20512820512821,3.0060077716517815
h2_hit_3_4h,daily+1h,3,0.5,20200,3365,101,66,16.65841584158416,65.34653465346535,3.9227340267459136
h2_hit_3_4h,daily+1h,3,1.0,20200,3365,202,116,16.65841584158416,57.42574257425742,3.4472511144130755
h2_hit_3_4h,daily+1h,3,2.0,20200,3365,404,206,16.65841584158416,50.99009900990099,3.0609212481426447
h2_hit_3_4h,daily+15m,1,0.5,17296,1822,86,50,10.53422756706753,58.139534883720934,5.519107548566615
h2_hit_3_4h,daily+15m,1,1.0,17296,1822,172,95,10.53422756706753,55.23255813953488,5.243152171138283
h2_hit_3_4h,daily+15m,1,2.0,17296,1822,345,172,10.53422756706753,49.85507246376812,4.732674716428833
h2_hit_3_4h,daily+15m,2,0.5,19527,3781,97,54,19.362933374302248,55.670103092783506,2.87508622875637
h2_hit_3_4h,daily+15m,2,1.0,19527,3781,195,105,19.362933374302248,53.84615384615385,2.7808882469025287
h2_hit_3_4h,daily+15m,2,2.0,19527,3781,390,215,19.362933374302248,55.12820512820513,2.8470998718287794
h2_hit_3_4h,daily+15m,3,0.5,20200,3365,101,71,16.65841584158416,70.29702970297029,4.219910846953937
h2_hit_3_4h,daily+15m,3,1.0,20200,3365,202,129,16.65841584158416,63.86138613861386,3.8335809806835064
h2_hit_3_4h,daily+15m,3,2.0,20200,3365,404,234,16.65841584158416,57.920792079207914,3.476968796433878
h2_hit_3_4h,daily+1h+15m,1,0.5,17296,1822,86,48,10.53422756706753,55.81395348837209,5.29834324662395
h2_hit_3_4h,daily+1h+15m,1,1.0,17296,1822,172,93,10.53422756706753,54.06976744186046,5.1327700201669515
h2_hit_3_4h,daily+1h+15m,1,2.0,17296,1822,345,185,10.53422756706753,53.62318840579711,5.090376875228687
h2_hit_3_4h,daily+1h+15m,2,0.5,19527,3781,97,55,19.362933374302248,56.70103092783505,2.9283285663259324
h2_hit_3_4h,daily+1h+15m,2,1.0,19527,3781,195,116,19.362933374302248,59.48717948717949,3.072219396578032
h2_hit_3_4h,daily+1h+15m,2,2.0,19527,3781,390,213,19.362933374302248,54.61538461538461,2.820615221858279
h2_hit_3_4h,daily+1h+15m,3,0.5,20200,3365,101,62,16.65841584158416,61.386138613861384,3.6849925705794946
h2_hit_3_4h,daily+1h+15m,3,1.0,20200,3365,202,123,16.65841584158416,60.89108910891089,3.6552748885586923
h2_hit_3_4h,daily+1h+15m,3,2.0,20200,3365,404,231,16.65841584158416,57.17821782178218,3.432392273402674
h2_hit_3_4h,daily+all,1,0.5,17296,1822,86,45,10.53422756706753,52.32558139534884,4.967196793709953
h2_hit_3_4h,daily+all,1,1.0,17296,1822,172,93,10.53422756706753,54.06976744186046,5.1327700201669515
h2_hit_3_4h,daily+all,1,2.0,17296,1822,345,187,10.53422756706753,54.20289855072464,5.1454079765825105
h2_hit_3_4h,daily+all,2,0.5,19527,3781,97,55,19.362933374302248,56.70103092783505,2.9283285663259324
h2_hit_3_4h,daily+all,2,1.0,19527,3781,195,114,19.362933374302248,58.46153846153847,3.0192500966370313
h2_hit_3_4h,daily+all,2,2.0,19527,3781,390,209,19.362933374302248,53.58974358974359,2.7676459219172784
h2_hit_3_4h,daily+all,3,0.5,20200,3365,101,68,16.65841584158416,67.32673267326733,4.041604754829123
h2_hit_3_4h,daily+all,3,1.0,20200,3365,202,126,16.65841584158416,62.37623762376238,3.744427934621099
h2_hit_3_4h,daily+all,3,2.0,20200,3365,404,229,16.65841584158416,56.683168316831676,3.4026745913818717
h5_tail_20,daily,1,0.5,17296,196,86,10,1.133209990749306,11.627906976744185,10.261034646416707
h5_tail_20,daily,1,1.0,17296,196,172,12,1.133209990749306,6.976744186046512,6.156620787850024
h5_tail_20,daily,1,2.0,17296,196,345,22,1.133209990749306,6.3768115942028984,5.627210884353741
h5_tail_20,daily,2,0.5,19527,522,97,7,2.6732216930404054,7.216494845360824,2.6995497096812415
h5_tail_20,daily,2,1.0,19527,522,195,11,2.6732216930404054,5.641025641025641,2.1101974653698794
h5_tail_20,daily,2,2.0,19527,522,390,22,2.6732216930404054,5.641025641025641,2.1101974653698794
h5_tail_20,daily,3,0.5,20200,429,101,12,2.123762376237624,11.881188118811881,5.594405594405594
h5_tail_20,daily,3,1.0,20200,429,202,16,2.123762376237624,7.920792079207921,3.7296037296037294
h5_tail_20,daily,3,2.0,20200,429,404,26,2.123762376237624,6.435643564356436,3.0303030303030303
h5_tail_20,daily+4h,1,0.5,17296,196,86,10,1.133209990749306,11.627906976744185,10.261034646416707
h5_tail_20,daily+4h,1,1.0,17296,196,172,14,1.133209990749306,8.13953488372093,7.182724252491695
h5_tail_20,daily+4h,1,2.0,17296,196,345,23,1.133209990749306,6.666666666666667,5.882993197278911
h5_tail_20,daily+4h,2,0.5,19527,522,97,3,2.6732216930404054,3.0927835051546393,1.156949875577675
h5_tail_20,daily+4h,2,1.0,19527,522,195,8,2.6732216930404054,4.102564102564102,1.5346890657235486
h5_tail_20,daily+4h,2,2.0,19527,522,390,24,2.6732216930404054,6.153846153846154,2.302033598585323
h5_tail_20,daily+4h,3,0.5,20200,429,101,12,2.123762376237624,11.881188118811881,5.594405594405594
h5_tail_20,daily+4h,3,1.0,20200,429,202,20,2.123762376237624,9.900990099009901,4.662004662004662
h5_tail_20,daily+4h,3,2.0,20200,429,404,31,2.123762376237624,7.673267326732673,3.6130536130536126
h5_tail_20,daily+1h,1,0.5,17296,196,86,8,1.133209990749306,9.30232558139535,8.208827717133365
h5_tail_20,daily+1h,1,1.0,17296,196,172,14,1.133209990749306,8.13953488372093,7.182724252491695
h5_tail_20,daily+1h,1,2.0,17296,196,345,20,1.133209990749306,5.797101449275362,5.115646258503402
h5_tail_20,daily+1h,2,0.5,19527,522,97,8,2.6732216930404054,8.24742268041237,3.0851996682071334
h5_tail_20,daily+1h,2,1.0,19527,522,195,14,2.6732216930404054,7.179487179487179,2.68570586501621
h5_tail_20,daily+1h,2,2.0,19527,522,390,26,2.6732216930404054,6.666666666666667,2.4938697318007663
h5_tail_20,daily+1h,3,0.5,20200,429,101,12,2.123762376237624,11.881188118811881,5.594405594405594
h5_tail_20,daily+1h,3,1.0,20200,429,202,21,2.123762376237624,10.396039603960396,4.895104895104894
h5_tail_20,daily+1h,3,2.0,20200,429,404,35,2.123762376237624,8.663366336633663,4.079254079254079
h5_tail_20,daily+15m,1,0.5,17296,196,86,8,1.133209990749306,9.30232558139535,8.208827717133365
h5_tail_20,daily+15m,1,1.0,17296,196,172,16,1.133209990749306,9.30232558139535,8.208827717133365
h5_tail_20,daily+15m,1,2.0,17296,196,345,20,1.133209990749306,5.797101449275362,5.115646258503402
h5_tail_20,daily+15m,2,0.5,19527,522,97,6,2.6732216930404054,6.185567010309279,2.31389975115535
h5_tail_20,daily+15m,2,1.0,19527,522,195,14,2.6732216930404054,7.179487179487179,2.68570586501621
h5_tail_20,daily+15m,2,2.0,19527,522,390,26,2.6732216930404054,6.666666666666667,2.4938697318007663
h5_tail_20,daily+15m,3,0.5,20200,429,101,16,2.123762376237624,15.841584158415841,7.459207459207459
h5_tail_20,daily+15m,3,1.0,20200,429,202,21,2.123762376237624,10.396039603960396,4.895104895104894
h5_tail_20,daily+15m,3,2.0,20200,429,404,35,2.123762376237624,8.663366336633663,4.079254079254079
h5_tail_20,daily+1h+15m,1,0.5,17296,196,86,11,1.133209990749306,12.790697674418606,11.287138111058377
h5_tail_20,daily+1h+15m,1,1.0,17296,196,172,17,1.133209990749306,9.883720930232558,8.7218794494542
h5_tail_20,daily+1h+15m,1,2.0,17296,196,345,28,1.133209990749306,8.115942028985506,7.161904761904761
h5_tail_20,daily+1h+15m,2,0.5,19527,522,97,7,2.6732216930404054,7.216494845360824,2.6995497096812415
h5_tail_20,daily+1h+15m,2,1.0,19527,522,195,10,2.6732216930404054,5.128205128205128,1.9183613321544355
h5_tail_20,daily+1h+15m,2,2.0,19527,522,390,21,2.6732216930404054,5.384615384615385,2.0142793987621577
h5_tail_20,daily+1h+15m,3,0.5,20200,429,101,17,2.123762376237624,16.831683168316832,7.925407925407925
h5_tail_20,daily+1h+15m,3,1.0,20200,429,202,26,2.123762376237624,12.871287128712872,6.0606060606060606
h5_tail_20,daily+1h+15m,3,2.0,20200,429,404,40,2.123762376237624,9.900990099009901,4.662004662004662
h5_tail_20,daily+all,1,0.5,17296,196,86,8,1.133209990749306,9.30232558139535,8.208827717133365
h5_tail_20,daily+all,1,1.0,17296,196,172,12,1.133209990749306,6.976744186046512,6.156620787850024
h5_tail_20,daily+all,1,2.0,17296,196,345,22,1.133209990749306,6.3768115942028984,5.627210884353741
h5_tail_20,daily+all,2,0.5,19527,522,97,7,2.6732216930404054,7.216494845360824,2.6995497096812415
h5_tail_20,daily+all,2,1.0,19527,522,195,11,2.6732216930404054,5.641025641025641,2.1101974653698794
h5_tail_20,daily+all,2,2.0,19527,522,390,27,2.6732216930404054,6.923076923076923,2.589787798408488
h5_tail_20,daily+all,3,0.5,20200,429,101,12,2.123762376237624,11.881188118811881,5.594405594405594
h5_tail_20,daily+all,3,1.0,20200,429,202,18,2.123762376237624,8.91089108910891,4.195804195804195
h5_tail_20,daily+all,3,2.0,20200,429,404,32,2.123762376237624,7.920792079207921,3.7296037296037294
h6_hit_5_24h,daily,1,0.5,17296,2926,86,37,16.917206290471785,43.02325581395349,2.543165524805672
h6_hit_5_24h,daily,1,1.0,17296,2926,172,74,16.917206290471785,43.02325581395349,2.543165524805672
h6_hit_5_24h,daily,1,2.0,17296,2926,345,136,16.917206290471785,39.42028985507247,2.330189109136478
h6_hit_5_24h,daily,2,0.5,19527,4937,97,44,25.282941568085214,45.36082474226804,1.7941276579750214
h6_hit_5_24h,daily,2,1.0,19527,4937,195,90,25.282941568085214,46.15384615384615,1.825493526121438
h6_hit_5_24h,daily,2,2.0,19527,4937,390,172,25.282941568085214,44.1025641025641,1.7443604805160404
h6_hit_5_24h,daily,3,0.5,20200,4506,101,49,22.306930693069308,48.51485148514851,2.174877940523746
h6_hit_5_24h,daily,3,1.0,20200,4506,202,88,22.306930693069308,43.56435643564357,1.9529516200621393
h6_hit_5_24h,daily,3,2.0,20200,4506,404,156,22.306930693069308,38.613861386138616,1.7310252996005326
h6_hit_5_24h,daily+4h,1,0.5,17296,2926,86,32,16.917206290471785,37.2093023255814,2.1994945079400403
h6_hit_5_24h,daily+4h,1,1.0,17296,2926,172,67,16.917206290471785,38.95348837209303,2.30259581299973
h6_hit_5_24h,daily+4h,1,2.0,17296,2926,345,147,16.917206290471785,42.608695652173914,2.5186602870813397
h6_hit_5_24h,daily+4h,2,0.5,19527,4937,97,39,25.282941568085214,40.20618556701031,1.5902495150233145
h6_hit_5_24h,daily+4h,2,1.0,19527,4937,195,82,25.282941568085214,42.05128205128205,1.6632274349106433
h6_hit_5_24h,daily+4h,2,2.0,19527,4937,390,146,25.282941568085214,37.43589743589744,1.4806780822984995
h6_hit_5_24h,daily+4h,3,0.5,20200,4506,101,53,22.306930693069308,52.475247524752476,2.3524189968930314
h6_hit_5_24h,daily+4h,3,1.0,20200,4506,202,89,22.306930693069308,44.05940594059406,1.9751442521083
h6_hit_5_24h,daily+4h,3,2.0,20200,4506,404,163,22.306930693069308,40.34653465346535,1.808699511762095
h6_hit_5_24h,daily+1h,1,0.5,17296,2926,86,40,16.917206290471785,46.51162790697674,2.7493681349250507
h6_hit_5_24h,daily+1h,1,1.0,17296,2926,172,74,16.917206290471785,43.02325581395349,2.543165524805672
h6_hit_5_24h,daily+1h,1,2.0,17296,2926,345,146,16.917206290471785,42.31884057971014,2.501526543631807
h6_hit_5_24h,daily+1h,2,0.5,19527,4937,97,55,25.282941568085214,56.70103092783505,2.2426595724687766
h6_hit_5_24h,daily+1h,2,1.0,19527,4937,195,101,25.282941568085214,51.7948717948718,2.0486094015362806
h6_hit_5_24h,daily+1h,2,2.0,19527,4937,390,184,25.282941568085214,47.179487179487175,1.8660600489241363
h6_hit_5_24h,daily+1h,3,0.5,20200,4506,101,40,22.306930693069308,39.603960396039604,1.775410563692854
h6_hit_5_24h,daily+1h,3,1.0,20200,4506,202,83,22.306930693069308,41.089108910891085,1.8419884598313359
h6_hit_5_24h,daily+1h,3,2.0,20200,4506,404,154,22.306930693069308,38.11881188118812,1.708832667554372
h6_hit_5_24h,daily+15m,1,0.5,17296,2926,86,35,16.917206290471785,40.69767441860465,2.4056971180594195
h6_hit_5_24h,daily+15m,1,1.0,17296,2926,172,72,16.917206290471785,41.86046511627907,2.474431321432546
h6_hit_5_24h,daily+15m,1,2.0,17296,2926,345,129,16.917206290471785,37.391304347826086,2.2102529049897472
h6_hit_5_24h,daily+15m,2,0.5,19527,4937,97,54,25.282941568085214,55.670103092783506,2.2018839438784354
h6_hit_5_24h,daily+15m,2,1.0,19527,4937,195,97,25.282941568085214,49.743589743589745,1.967476355930883
h6_hit_5_24h,daily+15m,2,2.0,19527,4937,390,174,25.282941568085214,44.61538461538462,1.76464374191739
h6_hit_5_24h,daily+15m,3,0.5,20200,4506,101,37,22.306930693069308,36.633663366336634,1.64225477141589
h6_hit_5_24h,daily+15m,3,1.0,20200,4506,202,75,22.306930693069308,37.12871287128713,1.6644474034620504
h6_hit_5_24h,daily+15m,3,2.0,20200,4506,404,160,22.306930693069308,39.603960396039604,1.775410563692854
h6_hit_5_24h,daily+1h+15m,1,0.5,17296,2926,86,40,16.917206290471785,46.51162790697674,2.7493681349250507
h6_hit_5_24h,daily+1h+15m,1,1.0,17296,2926,172,75,16.917206290471785,43.604651162790695,2.577532626492235
h6_hit_5_24h,daily+1h+15m,1,2.0,17296,2926,345,136,16.917206290471785,39.42028985507247,2.330189109136478
h6_hit_5_24h,daily+1h+15m,2,0.5,19527,4937,97,48,25.282941568085214,49.48453608247423,1.957230172336387
h6_hit_5_24h,daily+1h+15m,2,1.0,19527,4937,195,88,25.282941568085214,45.12820512820513,1.7849270033187392
h6_hit_5_24h,daily+1h+15m,2,2.0,19527,4937,390,168,25.282941568085214,43.07692307692308,1.703793957713342
h6_hit_5_24h,daily+1h+15m,3,0.5,20200,4506,101,37,22.306930693069308,36.633663366336634,1.64225477141589
h6_hit_5_24h,daily+1h+15m,3,1.0,20200,4506,202,84,22.306930693069308,41.584158415841586,1.8641810918774966
h6_hit_5_24h,daily+1h+15m,3,2.0,20200,4506,404,163,22.306930693069308,40.34653465346535,1.808699511762095
h6_hit_5_24h,daily+all,1,0.5,17296,2926,86,36,16.917206290471785,41.86046511627907,2.474431321432546
h6_hit_5_24h,daily+all,1,1.0,17296,2926,172,75,16.917206290471785,43.604651162790695,2.577532626492235
h6_hit_5_24h,daily+all,1,2.0,17296,2926,345,146,16.917206290471785,42.31884057971014,2.501526543631807
h6_hit_5_24h,daily+all,2,0.5,19527,4937,97,49,25.282941568085214,50.51546391752577,1.9980058009267283
h6_hit_5_24h,daily+all,2,1.0,19527,4937,195,99,25.282941568085214,50.76923076923077,2.0080428787335816
h6_hit_5_24h,daily+all,2,2.0,19527,4937,390,185,25.282941568085214,47.43589743589743,1.876201679624811
h6_hit_5_24h,daily+all,3,0.5,20200,4506,101,39,22.306930693069308,38.613861386138616,1.7310252996005326
h6_hit_5_24h,daily+all,3,1.0,20200,4506,202,77,22.306930693069308,38.11881188118812,1.708832667554372
h6_hit_5_24h,daily+all,3,2.0,20200,4506,404,156,22.306930693069308,38.613861386138616,1.7310252996005326
