cohort,challenger,metric,n_paired_dates,delta_challenger_minus_r1,ci95_lo,ci95_hi,p_delta_gt_zero,direction,bootstrap_draws,seed,stream_seed
d1_conservative_all_oos,veto_within_day_top_third,net,800,0.0024217961440579864,0.0014569264553179538,0.003447812159647339,1.0,higher_better,5000,42,12918468834675974033
d1_conservative_all_oos,veto_within_day_top_third,hit_rate,800,0.03666666666666667,0.0225,0.05125,1.0,higher_better,5000,42,10763101962083861453
d1_conservative_all_oos,veto_within_day_top_third,sl_first_rate,800,-0.06708333333333333,-0.0825,-0.051666666666666666,0.0,lower_better,5000,42,7543109558534054455
d1_conservative_all_oos,veto_within_day_top_third,tp_first_rate,800,0.0025,-0.010416666666666664,0.01583333333333333,0.645,higher_better,5000,42,8723119371984958305
d1_conservative_all_oos,veto_within_day_top_third,mfe10_rate,800,-0.02083333333333333,-0.03208333333333333,-0.009583333333333334,0.0002,higher_better,5000,42,11277075441317933006
d1_conservative_all_oos,veto_within_day_top_third,dn5_rate,800,-0.045,-0.05833333333333333,-0.03208333333333333,0.0,lower_better,5000,42,115494722270693182
d1_conservative_all_oos,veto_within_day_top_third,safe_up10_rate,800,-0.017916666666666664,-0.028333333333333332,-0.0075,0.0008,higher_better,5000,42,12582447914691381073
d1_conservative_all_oos,veto_within_day_top_third,eod_deep_loss_rate,800,-0.020416666666666666,-0.03125,-0.00958333333333333,0.0004,lower_better,5000,42,17503099875547226256
d1_conservative_all_oos,veto_train_cal50,net,800,0.00024824758132394384,-5.389878280998206e-05,0.0005650291012618797,0.943,higher_better,5000,42,14968293405300257908
d1_conservative_all_oos,veto_train_cal50,hit_rate,800,0.003333333333333333,-0.0008333333333333333,0.0075,0.9428,higher_better,5000,42,14387765379463939200
d1_conservative_all_oos,veto_train_cal50,sl_first_rate,800,-0.004166666666666667,-0.008333333333333333,-0.00041666666666666637,0.0184,lower_better,5000,42,3059686801528906603
d1_conservative_all_oos,veto_train_cal50,tp_first_rate,800,0.0016666666666666663,-0.0025,0.005833333333333333,0.7742,higher_better,5000,42,17827732425706546752
d1_conservative_all_oos,veto_train_cal50,mfe10_rate,800,-0.003333333333333333,-0.0075,0.0004166666666666666,0.0304,higher_better,5000,42,2893248572777977672
d1_conservative_all_oos,veto_train_cal50,dn5_rate,800,-0.00375,-0.008333333333333335,0.0004166666666666667,0.04,lower_better,5000,42,12156068933693040075
d1_conservative_all_oos,veto_train_cal50,safe_up10_rate,800,-0.0016666666666666666,-0.005416666666666666,0.0016666666666666666,0.1474,higher_better,5000,42,4153626545449703765
d1_conservative_all_oos,veto_train_cal50,eod_deep_loss_rate,800,-0.0016666666666666666,-0.004999999999999999,0.00125,0.1074,lower_better,5000,42,9321723252382848691
d1_conservative_all_oos,lexicographic_risk_first,net,800,0.005557646736677937,0.004214184759803646,0.006897106546812236,1.0,higher_better,5000,42,16749405736196071515
d1_conservative_all_oos,lexicographic_risk_first,hit_rate,800,0.10625,0.0825,0.13083333333333333,1.0,higher_better,5000,42,8751573317165326900
d1_conservative_all_oos,lexicographic_risk_first,sl_first_rate,800,-0.36916666666666664,-0.3925,-0.34541666666666665,0.0,lower_better,5000,42,14361132242733430554
d1_conservative_all_oos,lexicographic_risk_first,tp_first_rate,800,-0.12583333333333332,-0.1433333333333333,-0.10875,0.0,higher_better,5000,42,16734496625092201367
d1_conservative_all_oos,lexicographic_risk_first,mfe10_rate,800,-0.11958333333333332,-0.13541666666666663,-0.10458333333333332,0.0,higher_better,5000,42,10169834068412646224
d1_conservative_all_oos,lexicographic_risk_first,dn5_rate,800,-0.2608333333333333,-0.2825,-0.23958333333333337,0.0,lower_better,5000,42,5000600123773376259
d1_conservative_all_oos,lexicographic_risk_first,safe_up10_rate,800,-0.10291666666666666,-0.1175,-0.08875,0.0,higher_better,5000,42,15861854440286418580
d1_conservative_all_oos,lexicographic_risk_first,eod_deep_loss_rate,800,-0.12375,-0.13875,-0.10875,0.0,lower_better,5000,42,3776808110818181590
d1_conservative_locked_180,veto_within_day_top_third,net,180,0.004924402171764761,0.002251817765779983,0.007694630896304699,0.9996,higher_better,5000,42,17771337452207838680
d1_conservative_locked_180,veto_within_day_top_third,hit_rate,180,0.07037037037037037,0.0351388888888889,0.10555555555555556,1.0,higher_better,5000,42,7786035080867516147
d1_conservative_locked_180,veto_within_day_top_third,sl_first_rate,180,-0.11296296296296297,-0.1537037037037037,-0.07407407407407407,0.0,lower_better,5000,42,4594069065869448495
d1_conservative_locked_180,veto_within_day_top_third,tp_first_rate,180,0.022222222222222216,-0.01296296296296296,0.05555555555555555,0.8926,higher_better,5000,42,5772222809491092689
d1_conservative_locked_180,veto_within_day_top_third,mfe10_rate,180,-0.01296296296296296,-0.04074074074074074,0.014814814814814814,0.1784,higher_better,5000,42,11135156776822078537
d1_conservative_locked_180,veto_within_day_top_third,dn5_rate,180,-0.07037037037037037,-0.10370370370370371,-0.037037037037037035,0.0,lower_better,5000,42,15052400469999911440
d1_conservative_locked_180,veto_within_day_top_third,safe_up10_rate,180,-0.003703703703703703,-0.027777777777777776,0.02037037037037037,0.3816,higher_better,5000,42,5920672917997563307
d1_conservative_locked_180,veto_within_day_top_third,eod_deep_loss_rate,180,-0.03888888888888889,-0.06666666666666665,-0.011111111111111112,0.0026,lower_better,5000,42,7367528620932890975
d1_conservative_locked_180,veto_train_cal50,net,180,0.00014814814814814815,0.0,0.00044444444444444447,0.6304,higher_better,5000,42,12916988172305903848
d1_conservative_locked_180,veto_train_cal50,hit_rate,180,0.0018518518518518517,0.0,0.005555555555555556,0.626,higher_better,5000,42,15015807272333994651
d1_conservative_locked_180,veto_train_cal50,sl_first_rate,180,-0.0018518518518518521,-0.005555555555555556,0.0,0.0,lower_better,5000,42,7242338341968290757
d1_conservative_locked_180,veto_train_cal50,tp_first_rate,180,0.0018518518518518517,0.0,0.005555555555555556,0.6372,higher_better,5000,42,15957345473993580954
d1_conservative_locked_180,veto_train_cal50,mfe10_rate,180,-0.0018518518518518517,-0.005555555555555556,0.0,0.0,higher_better,5000,42,13677556133524984098
d1_conservative_locked_180,veto_train_cal50,dn5_rate,180,-0.0018518518518518521,-0.005555555555555556,0.0,0.0,lower_better,5000,42,15575780769151428609
d1_conservative_locked_180,veto_train_cal50,safe_up10_rate,180,0.0,0.0,0.0,0.0,higher_better,5000,42,10047787219610356049
d1_conservative_locked_180,veto_train_cal50,eod_deep_loss_rate,180,0.0,0.0,0.0,0.0,lower_better,5000,42,3475362181452726711
d1_conservative_locked_180,lexicographic_risk_first,net,180,0.009826683787501062,0.006837680412714578,0.012877720983726453,1.0,higher_better,5000,42,1935766954659133996
d1_conservative_locked_180,lexicographic_risk_first,hit_rate,180,0.18148148148148147,0.12407407407407409,0.2388888888888889,1.0,higher_better,5000,42,8253121885686955980
d1_conservative_locked_180,lexicographic_risk_first,sl_first_rate,180,-0.49629629629629635,-0.5444444444444444,-0.44629629629629636,0.0,lower_better,5000,42,3363082437476598944
d1_conservative_locked_180,lexicographic_risk_first,tp_first_rate,180,-0.12222222222222222,-0.15925925925925924,-0.08333333333333333,0.0,higher_better,5000,42,6227598706222724546
d1_conservative_locked_180,lexicographic_risk_first,mfe10_rate,180,-0.14814814814814814,-0.18333333333333332,-0.11296296296296297,0.0,higher_better,5000,42,6286114959903412445
d1_conservative_locked_180,lexicographic_risk_first,dn5_rate,180,-0.3333333333333333,-0.3777777777777777,-0.2907407407407407,0.0,lower_better,5000,42,7106982833733488929
d1_conservative_locked_180,lexicographic_risk_first,safe_up10_rate,180,-0.12037037037037036,-0.15185185185185182,-0.08888888888888889,0.0,higher_better,5000,42,16900791829319785391
d1_conservative_locked_180,lexicographic_risk_first,eod_deep_loss_rate,180,-0.1574074074074074,-0.19259259259259262,-0.1259259259259259,0.0,lower_better,5000,42,6861635602155883881
m15_common_complete_all,veto_within_day_top_third,net,419,0.001626574836972687,-1.750296589297883e-05,0.003334527085277782,0.9726,higher_better,5000,42,16883870300172577177
m15_common_complete_all,veto_within_day_top_third,hit_rate,419,0.027844073190135245,0.005568814638027049,0.0517104216388226,0.9922,higher_better,5000,42,4636513292396644943
m15_common_complete_all,veto_within_day_top_third,sl_first_rate,419,-0.05409705648369132,-0.07796340493237869,-0.029435163086714396,0.0,lower_better,5000,42,18414221654001233746
m15_common_complete_all,veto_within_day_top_third,tp_first_rate,419,-0.011137629276054096,-0.03261734287987271,0.010342084327764517,0.1492,higher_better,5000,42,5375482274377051937
m15_common_complete_all,veto_within_day_top_third,mfe10_rate,419,-0.025457438345266505,-0.04295942720763723,-0.007159904534606206,0.002,higher_better,5000,42,4844503232849119001
m15_common_complete_all,veto_within_day_top_third,dn5_rate,419,-0.049323786793953855,-0.06921241050119331,-0.029435163086714396,0.0,lower_better,5000,42,12104267348955485146
m15_common_complete_all,veto_within_day_top_third,safe_up10_rate,419,-0.02147971360381861,-0.03898170246618934,-0.0047732696897374695,0.0054,higher_better,5000,42,5147537031337362248
m15_common_complete_all,veto_within_day_top_third,eod_deep_loss_rate,419,-0.03579952267303103,-0.05330151153540175,-0.0182975338106603,0.0,lower_better,5000,42,14212677360248766536
m15_common_complete_all,veto_train_cal50,net,419,0.0004132431930447255,0.00012640683159462202,0.0007951047682237231,0.9986,higher_better,5000,42,13547122123144988737
m15_common_complete_all,veto_train_cal50,hit_rate,419,0.005568814638027048,0.0015910898965791566,0.011137629276054096,0.9972,higher_better,5000,42,6080867650740758910
m15_common_complete_all,veto_train_cal50,sl_first_rate,419,-0.005568814638027049,-0.010361972951471753,-0.0015910898965791566,0.0,lower_better,5000,42,8473092519337272881
m15_common_complete_all,veto_train_cal50,tp_first_rate,419,0.0047732696897374695,0.0007955449482895783,0.00954653937947494,0.9936,higher_better,5000,42,10759652989649726459
m15_common_complete_all,veto_train_cal50,mfe10_rate,419,-0.0007955449482895784,-0.002386634844868735,0.0,0.0,higher_better,5000,42,6015731773340032480
m15_common_complete_all,veto_train_cal50,dn5_rate,419,-0.003977724741447891,-0.00875099443118536,-0.0007955449482895783,0.0,lower_better,5000,42,8771204103642704552
m15_common_complete_all,veto_train_cal50,safe_up10_rate,419,-1.3248484780729792e-19,-0.002386634844868735,0.002386634844868735,0.3452,higher_better,5000,42,5471104327383348259
m15_common_complete_all,veto_train_cal50,eod_deep_loss_rate,419,-0.0007955449482895783,-0.002386634844868735,0.0,0.0,lower_better,5000,42,7422671233360440479
m15_common_complete_all,lexicographic_risk_first,net,419,0.001493985667659563,-0.0004177449838023308,0.0033874033364528584,0.935,higher_better,5000,42,1869521831145829248
m15_common_complete_all,lexicographic_risk_first,hit_rate,419,0.06284805091487669,0.02704852824184567,0.09864757358790771,0.9992,higher_better,5000,42,10495288201562775744
m15_common_complete_all,lexicographic_risk_first,sl_first_rate,419,-0.3436754176610978,-0.37629276054097055,-0.31026252983293556,0.0,lower_better,5000,42,13424707459958441867
m15_common_complete_all,lexicographic_risk_first,tp_first_rate,419,-0.1957040572792363,-0.22195704057279236,-0.17024661893396975,0.0,higher_better,5000,42,1124976616669149607
m15_common_complete_all,lexicographic_risk_first,mfe10_rate,419,-0.14001591089896578,-0.16149562450278437,-0.11853619729514717,0.0,higher_better,5000,42,6643138589077557160
m15_common_complete_all,lexicographic_risk_first,dn5_rate,419,-0.28241845664280035,-0.311873508353222,-0.2529832935560859,0.0,lower_better,5000,42,6327017091525796235
m15_common_complete_all,lexicographic_risk_first,safe_up10_rate,419,-0.12967382657120127,-0.15035799522673032,-0.10978520286396182,0.0,higher_better,5000,42,1497087969014593893
m15_common_complete_all,lexicographic_risk_first,eod_deep_loss_rate,419,-0.14399363564041368,-0.16706443914081145,-0.12171837708830549,0.0,lower_better,5000,42,14134599728388817621
m15_common_complete_locked_180,veto_within_day_top_third,net,178,0.0015699261018921726,-0.0009798040381246375,0.004273537919608825,0.8772,higher_better,5000,42,9843528841735746487
m15_common_complete_locked_180,veto_within_day_top_third,hit_rate,178,0.028089887640449437,-0.007490636704119843,0.06367041198501874,0.9472,higher_better,5000,42,13849261972251076175
m15_common_complete_locked_180,veto_within_day_top_third,sl_first_rate,178,-0.05243445692883895,-0.08801498127340823,-0.01685393258426966,0.002,lower_better,5000,42,49256670319261365
m15_common_complete_locked_180,veto_within_day_top_third,tp_first_rate,178,-0.013108614232209737,-0.04681647940074907,0.022471910112359546,0.2282,higher_better,5000,42,9217279159757350920
m15_common_complete_locked_180,veto_within_day_top_third,mfe10_rate,178,-0.022471910112359546,-0.05056179775280899,0.0056179775280898875,0.0568,higher_better,5000,42,11865412862781634522
m15_common_complete_locked_180,veto_within_day_top_third,dn5_rate,178,-0.059925093632958795,-0.09550561797752809,-0.024344569288389507,0.0004,lower_better,5000,42,397949672710646641
m15_common_complete_locked_180,veto_within_day_top_third,safe_up10_rate,178,-0.01685393258426966,-0.04681647940074906,0.011235955056179775,0.1286,higher_better,5000,42,11399001395540526360
m15_common_complete_locked_180,veto_within_day_top_third,eod_deep_loss_rate,178,-0.0449438202247191,-0.07677902621722847,-0.014981273408239697,0.0018,lower_better,5000,42,5786221938669067326
m15_common_complete_locked_180,veto_train_cal50,net,178,0.00022368294692363285,0.0,0.0005971786279296628,0.8768,higher_better,5000,42,3320872721728375741
m15_common_complete_locked_180,veto_train_cal50,hit_rate,178,0.0037453183520599247,0.0,0.009363295880149811,0.8738,higher_better,5000,42,17516401486655783346
m15_common_complete_locked_180,veto_train_cal50,sl_first_rate,178,-0.0037453183520599247,-0.009363295880149811,0.0,0.0,lower_better,5000,42,13343515524098589211
m15_common_complete_locked_180,veto_train_cal50,tp_first_rate,178,0.0018726591760299624,0.0,0.0056179775280898875,0.6312,higher_better,5000,42,15140076344840415113
m15_common_complete_locked_180,veto_train_cal50,mfe10_rate,178,-0.0018726591760299628,-0.0056179775280898875,0.0,0.0,higher_better,5000,42,16661406127892647914
m15_common_complete_locked_180,veto_train_cal50,dn5_rate,178,-0.0018726591760299624,-0.0056179775280898875,0.0,0.0,lower_better,5000,42,13578100093497313236
m15_common_complete_locked_180,veto_train_cal50,safe_up10_rate,178,-0.0018726591760299628,-0.0056179775280898875,0.0,0.0,higher_better,5000,42,8425552528533103456
m15_common_complete_locked_180,veto_train_cal50,eod_deep_loss_rate,178,0.0,0.0,0.0,0.0,lower_better,5000,42,9275762492896420785
m15_common_complete_locked_180,lexicographic_risk_first,net,178,0.0012226293867639813,-0.0017916131715615712,0.004257216329939826,0.7944,higher_better,5000,42,8828304763021012947
m15_common_complete_locked_180,lexicographic_risk_first,hit_rate,178,0.06179775280898876,0.007490636704119854,0.11610486891385768,0.9874,higher_better,5000,42,5590188774342269679
m15_common_complete_locked_180,lexicographic_risk_first,sl_first_rate,178,-0.3558052434456929,-0.4044943820224719,-0.3052434456928839,0.0,lower_better,5000,42,10269788843833585706
m15_common_complete_locked_180,lexicographic_risk_first,tp_first_rate,178,-0.21910112359550563,-0.25655430711610483,-0.18164794007490634,0.0,higher_better,5000,42,4956608066895612082
m15_common_complete_locked_180,lexicographic_risk_first,mfe10_rate,178,-0.15543071161048688,-0.18918539325842695,-0.12172284644194756,0.0,higher_better,5000,42,11945309248110574078
m15_common_complete_locked_180,lexicographic_risk_first,dn5_rate,178,-0.31273408239700373,-0.35580524344569286,-0.2696629213483146,0.0,lower_better,5000,42,7827218137079549249
m15_common_complete_locked_180,lexicographic_risk_first,safe_up10_rate,178,-0.14794007490636701,-0.1797752808988764,-0.11610486891385767,0.0,higher_better,5000,42,12298456242507299548
m15_common_complete_locked_180,lexicographic_risk_first,eod_deep_loss_rate,178,-0.14794007490636704,-0.1835205992509363,-0.11423220973782769,0.0,lower_better,5000,42,9209727596939275541
