policy,k,lam,dump_cut,n,prec_pump,hit,hit10_rate,stop_rate,loss_rate,p_loss_lt_5,p_beyond_sl,cvar95,worst,net_mean,net_median,mdd,cum,sharpe,sortino,deep_dump_rate,p_min_lt_10,p_close_lt_5,no_cvar95,no_worst,no_cum
baseline_topK,3,-,-,1149,0.08790252393385553,0.278503046127067,0.27154046997389036,0.6161879895561357,0.721496953872933,0.6161879895561357,0.0,-0.051500000000000004,-0.051500000000000004,-0.01070845795031734,-0.051500000000000004,-0.9928180208297681,-0.9902798020366614,-3.849903995133498,-12.348094504058839,0.3437771975630983,0.19147084421235858,0.3263707571801567,-0.20325809962433974,-0.4320610561056106,-0.9961900424078577
ds_rerank,3,0.0,none,1149,0.08790252393385553,0.278503046127067,0.27154046997389036,0.6161879895561357,0.721496953872933,0.6161879895561357,0.0,-0.051500000000000004,-0.051500000000000004,-0.01070845795031734,-0.051500000000000004,-0.9928180208297681,-0.9902798020366614,-3.849903995133498,-12.348094504058839,0.3437771975630983,0.19147084421235858,0.3263707571801567,-0.20325809962433974,-0.4320610561056106,-0.9961900424078577
ds_rerank,3,0.0,0.5,1125,0.08533333333333333,0.30844444444444447,0.24622222222222223,0.5448888888888889,0.6915555555555556,0.5448888888888889,0.0,-0.0515,-0.051500000000000004,-0.009141061046235362,-0.051500000000000004,-0.9827545046964085,-0.9788504656499246,-3.90762225367883,-10.211294714647137,0.28355555555555556,0.13244444444444445,0.27111111111111114,-0.1657771192477018,-0.4320610561056106,-0.9739298747192937
ds_rerank,3,0.0,0.667,1125,0.08533333333333333,0.30844444444444447,0.24622222222222223,0.5448888888888889,0.6915555555555556,0.5448888888888889,0.0,-0.0515,-0.051500000000000004,-0.009141061046235362,-0.051500000000000004,-0.9827545046964085,-0.9788504656499246,-3.90762225367883,-10.211294714647137,0.28355555555555556,0.13244444444444445,0.27111111111111114,-0.1657771192477018,-0.4320610561056106,-0.9739298747192937
ds_rerank,3,0.0,0.75,1129,0.08591674047829938,0.3029229406554473,0.2471213463241807,0.5535872453498671,0.6970770593445527,0.5535872453498671,0.0,-0.0515,-0.051500000000000004,-0.009059134458514398,-0.051500000000000004,-0.9829841057715222,-0.9791320438672764,-3.775521769794907,-10.199659077944421,0.2914083259521701,0.13817537643932684,0.27723649247121346,-0.1658980640255446,-0.4320610561056106,-0.9745028016885172
ds_rerank,3,0.0,0.8,1144,0.08566433566433566,0.30157342657342656,0.2517482517482518,0.5611888111888111,0.6984265734265734,0.5611888111888111,0.0,-0.051500000000000004,-0.051500000000000004,-0.009132190214394017,-0.051500000000000004,-0.9839816821166348,-0.980397849450577,-3.7636679165806197,-10.613480589613072,0.29632867132867136,0.1486013986013986,0.28234265734265734,-0.16996105191046132,-0.4320610561056106,-0.9783883355371832
ds_rerank,3,0.5,none,1149,0.07484769364664925,0.30548302872062666,0.2280243690165361,0.5282854656222803,0.6945169712793734,0.5291557876414273,0.0,-0.051500000000000004,-0.051500000000000004,-0.009778851691409634,-0.051500000000000004,-0.9866957541519039,-0.9836842193115309,-4.296887890054706,-11.12003688107107,0.268059181897302,0.13054830287206268,0.25674499564838993,-0.16633238940961453,-0.4320610561056106,-0.9836335075294502
ds_rerank,3,0.5,0.5,1125,0.07555555555555556,0.3075555555555556,0.22844444444444445,0.5244444444444445,0.6924444444444444,0.5253333333333333,0.0,-0.0515,-0.051500000000000004,-0.009417510099447496,-0.051500000000000004,-0.9843655526502806,-0.9808265558938132,-4.051050813258759,-10.624944152393983,0.26222222222222225,0.12711111111111112,0.25066666666666665,-0.1649627774562311,-0.4320610561056106,-0.9800262492010985
ds_rerank,3,0.5,0.667,1125,0.07555555555555556,0.3075555555555556,0.22844444444444445,0.5244444444444445,0.6924444444444444,0.5253333333333333,0.0,-0.0515,-0.051500000000000004,-0.009417510099447496,-0.051500000000000004,-0.9843655526502806,-0.9808265558938132,-4.051050813258759,-10.624944152393983,0.26222222222222225,0.12711111111111112,0.25066666666666665,-0.1649627774562311,-0.4320610561056106,-0.9800262492010985
ds_rerank,3,0.5,0.75,1129,0.07528786536758193,0.30646589902568644,0.22940655447298494,0.5261293179805138,0.6935341009743136,0.5270150575730735,0.0,-0.0515,-0.051500000000000004,-0.009550341634012933,-0.051500000000000004,-0.9854350932433359,-0.9821381965499576,-4.140212576361031,-10.766604177471557,0.26395039858281666,0.12843224092116917,0.2524357838795394,-0.1649627774562311,-0.4320610561056106,-0.9804030980610005
ds_rerank,3,0.5,0.8,1144,0.07517482517482517,0.3041958041958042,0.22814685314685315,0.5288461538461539,0.6958041958041958,0.5297202797202797,0.0,-0.0515,-0.051500000000000004,-0.009787466617770342,-0.051500000000000004,-0.9869713384257393,-0.9840221845464211,-4.308690438216624,-11.161360015574717,0.2674825174825175,0.13024475524475523,0.2561188811188811,-0.16417285127290862,-0.4320610561056106,-0.9841439255561577
ds_rerank,3,1.0,none,1149,0.07571801566579635,0.3124456048738033,0.23063533507397738,0.515230635335074,0.6875543951261966,0.516100957354221,0.0,-0.0515,-0.051500000000000004,-0.008967465346704562,-0.051500000000000004,-0.981927511084852,-0.9775415689856677,-3.9750631802668854,-10.268644523714995,0.25935596170583114,0.1288076588337685,0.24804177545691905,-0.16684099323071308,-0.4320610561056106,-0.9772057493064711
ds_rerank,3,1.0,0.5,1125,0.07644444444444444,0.31377777777777777,0.232,0.5128888888888888,0.6862222222222222,0.5137777777777778,0.0,-0.0515,-0.051500000000000004,-0.008680601022833245,-0.051500000000000004,-0.9800335319751019,-0.9745152835319452,-3.7696666132181043,-9.847641897982108,0.25422222222222224,0.12622222222222224,0.24266666666666667,-0.16548165363761058,-0.4320610561056106,-0.97324877751968
ds_rerank,3,1.0,0.667,1125,0.07644444444444444,0.31377777777777777,0.232,0.5128888888888888,0.6862222222222222,0.5137777777777778,0.0,-0.0515,-0.051500000000000004,-0.008680601022833245,-0.051500000000000004,-0.9800335319751019,-0.9745152835319452,-3.7696666132181043,-9.847641897982108,0.25422222222222224,0.12622222222222224,0.24266666666666667,-0.16548165363761058,-0.4320610561056106,-0.97324877751968
ds_rerank,3,1.0,0.75,1129,0.07617360496014172,0.31355181576616475,0.2320637732506643,0.5128432240921169,0.6864481842338352,0.5137289636846767,0.0,-0.0515,-0.051500000000000004,-0.008724581749100508,-0.051500000000000004,-0.9802150291782492,-0.9754134915004193,-3.8205711740520445,-9.915014266607596,0.2550930026572188,0.1266607617360496,0.24357838795394154,-0.16548165363761058,-0.4320610561056106,-0.9727066323821151
ds_rerank,3,1.0,0.8,1144,0.07604895104895106,0.3111888111888112,0.23076923076923078,0.5157342657342657,0.6888111888111889,0.5166083916083916,0.0,-0.0515,-0.051500000000000004,-0.008972534004076174,-0.051500000000000004,-0.9823018647904993,-0.9780067731372771,-3.987552479572268,-10.309613838833101,0.25874125874125875,0.1284965034965035,0.24737762237762237,-0.16468278131322986,-0.4320610561056106,-0.9779166283466931
ds_rerank,3,1.5,none,1149,0.07658833768494343,0.31505657093124456,0.23237597911227154,0.5134899912967799,0.6849434290687555,0.5143603133159269,0.0,-0.0515,-0.051500000000000004,-0.008726309737763014,-0.051500000000000004,-0.9798377144533581,-0.9754062866053004,-3.8513194752292574,-9.997859276819268,0.257615317667537,0.12706701479547433,0.24717145343777197,-0.16684099323071308,-0.4320610561056106,-0.975472176349159
ds_rerank,3,1.5,0.5,1125,0.07733333333333334,0.31555555555555553,0.2328888888888889,0.512,0.6844444444444444,0.5128888888888888,0.0,-0.0515,-0.051500000000000004,-0.008554871709683484,-0.051500000000000004,-0.9781626068450955,-0.9733341768769458,-3.700632051464492,-9.728931187053787,0.25333333333333335,0.12533333333333332,0.24266666666666667,-0.16548165363761058,-0.4320610561056106,-0.9728597634888797
ds_rerank,3,1.5,0.667,1125,0.07733333333333334,0.31555555555555553,0.2328888888888889,0.512,0.6844444444444444,0.5128888888888888,0.0,-0.0515,-0.051500000000000004,-0.008554871709683484,-0.051500000000000004,-0.9781626068450955,-0.9733341768769458,-3.700632051464492,-9.728931187053787,0.25333333333333335,0.12533333333333332,0.24266666666666667,-0.16548165363761058,-0.4320610561056106,-0.9728597634888797
ds_rerank,3,1.5,0.75,1129,0.07705934455270151,0.3153232949512843,0.2329495128432241,0.5119574844995571,0.6846767050487157,0.5128432240921169,0.0,-0.05149999999999999,-0.051500000000000004,-0.008599297889673153,-0.051500000000000004,-0.9789094599353791,-0.9742740129094587,-3.7511179368383223,-9.797115452665553,0.254207263064659,0.12577502214348982,0.24357838795394154,-0.16548165363761058,-0.4320610561056106,-0.9723097345222527
ds_rerank,3,1.5,0.8,1144,0.07692307692307693,0.3138111888111888,0.23251748251748253,0.513986013986014,0.6861888111888111,0.5148601398601399,0.0,-0.0515,-0.051500000000000004,-0.008730324393347295,-0.051500000000000004,-0.980255356226118,-0.9759157210162529,-3.86406230342363,-10.038114562374162,0.256993006993007,0.12674825174825174,0.2465034965034965,-0.16468278131322986,-0.4320610561056106,-0.9762371199294538
ds_rerank,3,2.0,none,1149,0.07658833768494343,0.31418624891209745,0.23150565709312446,0.5117493472584856,0.6858137510879025,0.5126196692776327,0.0,-0.0515,-0.051500000000000004,-0.00871797354153143,-0.051500000000000004,-0.9797633776575201,-0.9753156114758716,-3.8497118434467508,-10.027464407507704,0.25674499564838993,0.1279373368146214,0.2463011314186249,-0.16684099323071308,-0.4320610561056106,-0.9755671291723544
ds_rerank,3,2.0,0.5,1125,0.07733333333333334,0.31466666666666665,0.232,0.5102222222222222,0.6853333333333333,0.5111111111111111,0.0,-0.0515,-0.051500000000000004,-0.00854635767459896,-0.051500000000000004,-0.9780661606856572,-0.9732358620383446,-3.698943500489655,-9.755815287501829,0.25244444444444447,0.12622222222222224,0.24177777777777779,-0.16548165363761058,-0.4320610561056106,-0.9729648295606034
ds_rerank,3,2.0,0.667,1125,0.07733333333333334,0.31466666666666665,0.232,0.5102222222222222,0.6853333333333333,0.5111111111111111,0.0,-0.0515,-0.051500000000000004,-0.00854635767459896,-0.051500000000000004,-0.9780661606856572,-0.9732358620383446,-3.698943500489655,-9.755815287501829,0.25244444444444447,0.12622222222222224,0.24177777777777779,-0.16548165363761058,-0.4320610561056106,-0.9729648295606034
ds_rerank,3,2.0,0.75,1129,0.07705934455270151,0.31443755535872453,0.2320637732506643,0.5101860053144376,0.6855624446412755,0.5110717449069974,0.0,-0.0515,-0.051500000000000004,-0.008590814019460494,-0.051500000000000004,-0.9788317007365387,-0.9741791631740129,-3.7494550280292986,-9.824444296913441,0.2533215234720992,0.1266607617360496,0.24269264836138174,-0.16548165363761058,-0.4320610561056106,-0.9724169298820845
ds_rerank,3,2.0,0.8,1144,0.07692307692307693,0.3129370629370629,0.23164335664335664,0.5122377622377622,0.6870629370629371,0.5131118881118881,0.0,-0.05149999999999999,-0.051500000000000004,-0.008721951762691622,-0.051500000000000004,-0.9801825592433693,-0.9758269241323094,-3.862459561419225,-10.066416539160468,0.2561188811188811,0.12762237762237763,0.24562937062937062,-0.16468278131322986,-0.4320610561056106,-0.9763291114808476
baseline_topK,5,-,-,1915,0.09086161879895562,0.27571801566579635,0.26422976501305484,0.6015665796344648,0.7242819843342037,0.602088772845953,0.0,-0.0515,-0.051500000000000004,-0.011218525437018284,-0.051500000000000004,-0.9919964502981915,-0.9907295147870888,-4.840065096841016,-13.566063536647787,0.34203655352480417,0.191644908616188,0.32428198433420363,-0.1938172486519911,-0.4320610561056106,-0.9946642445631653
ds_rerank,5,0.0,none,1915,0.09086161879895562,0.27571801566579635,0.26422976501305484,0.6015665796344648,0.7242819843342037,0.602088772845953,0.0,-0.0515,-0.051500000000000004,-0.011218525437018284,-0.051500000000000004,-0.9919964502981915,-0.9907295147870888,-4.840065096841016,-13.566063536647787,0.34203655352480417,0.191644908616188,0.32428198433420363,-0.1938172486519911,-0.4320610561056106,-0.9946642445631653
ds_rerank,5,0.0,0.5,1722,0.07665505226480836,0.30313588850174217,0.23170731707317074,0.5348432055749129,0.6968641114982579,0.5354239256678281,0.0,-0.0515,-0.051500000000000004,-0.010021017216255,-0.051500000000000004,-0.9870163774311574,-0.9856714080476359,-5.234150398325201,-12.26767658040944,0.2781649245063879,0.12775842044134728,0.2653890824622532,-0.1533520262835881,-0.4320610561056106,-0.9692471373583773
ds_rerank,5,0.0,0.667,1722,0.07665505226480836,0.30313588850174217,0.23170731707317074,0.5348432055749129,0.6968641114982579,0.5354239256678281,0.0,-0.0515,-0.051500000000000004,-0.010021017216255,-0.051500000000000004,-0.9870163774311574,-0.9856714080476359,-5.234150398325201,-12.26767658040944,0.2781649245063879,0.12775842044134728,0.2653890824622532,-0.1533520262835881,-0.4320610561056106,-0.9692471373583773
ds_rerank,5,0.0,0.75,1749,0.07661520869068039,0.30074328187535737,0.23499142367066894,0.5391652372784448,0.6992567181246426,0.5397369925671812,0.0,-0.0515,-0.051500000000000004,-0.009859470240599681,-0.051500000000000004,-0.9862671737889862,-0.9848445946355102,-5.073297845008476,-12.028225047185378,0.28244711263579186,0.13150371640937678,0.2687249857061178,-0.1535018096224461,-0.4320610561056106,-0.9687157374505806
ds_rerank,5,0.0,0.8,1829,0.07927829414980864,0.30016402405686166,0.24330235101148168,0.5456533624931657,0.6998359759431383,0.5462001093493712,0.0,-0.05149999999999999,-0.051500000000000004,-0.009263048958019448,-0.051500000000000004,-0.9826093403270061,-0.9808078473541936,-4.626964702489155,-11.443802615378678,0.29141607435757244,0.1366867140513942,0.2782941498086386,-0.15774170555647818,-0.4320610561056106,-0.9779291914400451
ds_rerank,5,0.5,none,1915,0.08407310704960835,0.29817232375979114,0.24177545691906005,0.5415143603133159,0.7018276762402089,0.5420365535248042,0.0,-0.0515,-0.051500000000000004,-0.009690278650499479,-0.051500000000000004,-0.9835265756862224,-0.9818200988361513,-4.80663475770426,-11.830229287412596,0.29033942558746734,0.14464751958224542,0.27519582245430807,-0.1620584176227803,-0.4320610561056106,-0.9658053533919092
ds_rerank,5,0.5,0.5,1722,0.08013937282229965,0.3048780487804878,0.22996515679442509,0.5261324041811847,0.6951219512195121,0.5267131242740999,0.0,-0.05149999999999999,-0.051500000000000004,-0.009518779859398224,-0.051500000000000004,-0.9845387609488078,-0.9829371360521427,-5.00286283206291,-11.877225155904053,0.27409988385598144,0.1289198606271777,0.2607433217189315,-0.15299679922225765,-0.4320610561056106,-0.9628107641715601
ds_rerank,5,0.5,0.667,1722,0.08013937282229965,0.3048780487804878,0.22996515679442509,0.5261324041811847,0.6951219512195121,0.5267131242740999,0.0,-0.05149999999999999,-0.051500000000000004,-0.009518779859398224,-0.051500000000000004,-0.9845387609488078,-0.9829371360521427,-5.00286283206291,-11.877225155904053,0.27409988385598144,0.1289198606271777,0.2607433217189315,-0.15299679922225765,-0.4320610561056106,-0.9628107641715601
ds_rerank,5,0.5,0.75,1749,0.08118925100057175,0.3018867924528302,0.23270440251572327,0.5288736420811893,0.6981132075471698,0.5294453973699257,0.0,-0.051500000000000004,-0.051500000000000004,-0.009495748448085012,-0.051500000000000004,-0.9843267205868416,-0.982703130495686,-4.9398317062711765,-11.740809577635998,0.27787307032590053,0.13264722698684964,0.26357918810749,-0.15315061923226717,-0.4320610561056106,-0.9633404192949074
ds_rerank,5,0.5,0.8,1829,0.08201202843083652,0.2996172772006561,0.2361946418808092,0.5330781848004374,0.7003827227993439,0.5336249316566429,0.0,-0.0515,-0.051500000000000004,-0.00906389899939882,-0.051500000000000004,-0.9812628537083272,-0.9793218786096409,-4.53543861465332,-11.37484332981831,0.2810278840896665,0.1344997266265719,0.26681246582832147,-0.15654786751496064,-0.4320610561056106,-0.9579256435389768
ds_rerank,5,1.0,none,1915,0.0825065274151436,0.29556135770234987,0.2370757180156658,0.5420365535248042,0.7044386422976502,0.5425587467362925,0.0,-0.0515,-0.051500000000000004,-0.0102026147059113,-0.051500000000000004,-0.9864571541359063,-0.9850542549868915,-5.083782068036921,-12.419874634788512,0.2929503916449086,0.14673629242819844,0.2772845953002611,-0.16372955765249264,-0.4320610561056106,-0.9746558906255882
ds_rerank,5,1.0,0.5,1722,0.078397212543554,0.30313588850174217,0.227061556329849,0.5261324041811847,0.6968641114982579,0.5267131242740999,0.0,-0.05149999999999999,-0.051500000000000004,-0.009826032068725673,-0.051500000000000004,-0.9860979283486384,-0.9846578171131596,-5.148846846175911,-12.171277922825908,0.27526132404181186,0.1295005807200929,0.2619047619047619,-0.1536400802910489,-0.4320610561056106,-0.9681856704843401
ds_rerank,5,1.0,0.667,1722,0.078397212543554,0.30313588850174217,0.227061556329849,0.5261324041811847,0.6968641114982579,0.5267131242740999,0.0,-0.05149999999999999,-0.051500000000000004,-0.009826032068725673,-0.051500000000000004,-0.9860979283486384,-0.9846578171131596,-5.148846846175911,-12.171277922825908,0.27526132404181186,0.1295005807200929,0.2619047619047619,-0.1536400802910489,-0.4320610561056106,-0.9681856704843401
ds_rerank,5,1.0,0.75,1749,0.07890222984562607,0.30017152658662094,0.22927387078330475,0.5288736420811893,0.6998284734133791,0.5294453973699257,0.0,-0.051500000000000004,-0.051500000000000004,-0.010015587815554602,-0.051500000000000004,-0.9868884251201703,-0.9855302011969455,-5.230865683328954,-12.270761323966525,0.27901658090337333,0.13264722698684964,0.26472269868496284,-0.15357151434769603,-0.4320610561056106,-0.9705098941416102
ds_rerank,5,1.0,0.8,1829,0.07982504100601422,0.29797703663203934,0.23236741388737014,0.5330781848004374,0.7020229633679607,0.5336249316566429,0.0,-0.0515,-0.051500000000000004,-0.0095834345798086,-0.051500000000000004,-0.9844551599752087,-0.9828448748799491,-4.820900108009759,-11.96905659471631,0.28321487151448876,0.13559322033898305,0.2689994532531438,-0.15657310203221722,-0.4320610561056106,-0.9668004280371005
ds_rerank,5,1.5,none,1915,0.08093994778067885,0.29556135770234987,0.23655352480417755,0.5399477806788512,0.7044386422976502,0.5404699738903395,0.0,-0.05149999999999999,-0.051500000000000004,-0.01036386148977134,-0.051500000000000004,-0.9872405212590176,-0.9859187708642164,-5.190414431041477,-12.45884001552539,0.2919060052219321,0.14673629242819844,0.2762402088772846,-0.16372955765249264,-0.4320610561056106,-0.976526539317839
ds_rerank,5,1.5,0.5,1722,0.078397212543554,0.3037166085946574,0.22764227642276422,0.524390243902439,0.6962833914053427,0.5249709639953543,0.0,-0.05149999999999999,-0.051500000000000004,-0.009712675222480045,-0.051500000000000004,-0.9855232481490066,-0.9840236059721653,-5.107188063514943,-11.935192861449444,0.27409988385598144,0.1295005807200929,0.2607433217189315,-0.1536400802910489,-0.4320610561056106,-0.9672842147131943
ds_rerank,5,1.5,0.667,1722,0.078397212543554,0.3037166085946574,0.22764227642276422,0.524390243902439,0.6962833914053427,0.5249709639953543,0.0,-0.05149999999999999,-0.051500000000000004,-0.009712675222480045,-0.051500000000000004,-0.9855232481490066,-0.9840236059721653,-5.107188063514943,-11.935192861449444,0.27409988385598144,0.1295005807200929,0.2607433217189315,-0.1536400802910489,-0.4320610561056106,-0.9672842147131943
ds_rerank,5,1.5,0.75,1749,0.07775871926815323,0.30017152658662094,0.22927387078330475,0.52715837621498,0.6998284734133791,0.5277301315037164,0.0,-0.051500000000000004,-0.051500000000000004,-0.010167433131416789,-0.051500000000000004,-0.9875435760893678,-0.986253219049248,-5.325301599586201,-12.298144377166729,0.27787307032590053,0.13264722698684964,0.26357918810749,-0.153571514347696,-0.4320610561056106,-0.9723310722255541
ds_rerank,5,1.5,0.8,1829,0.07873154729360306,0.29797703663203934,0.23236741388737014,0.5314379442318207,0.7020229633679607,0.5319846910880263,0.0,-0.05149999999999999,-0.051500000000000004,-0.009728638219744614,-0.051500000000000004,-0.9852318948145861,-0.9837020714373511,-4.909431861550627,-11.997471503091772,0.28212137780207763,0.13559322033898305,0.26790595954073265,-0.15657310203221722,-0.4320610561056106,-0.9688506862879692
ds_rerank,5,2.0,none,1915,0.0814621409921671,0.29556135770234987,0.23655352480417755,0.5394255874673629,0.7044386422976502,0.5399477806788512,0.0,-0.0515,-0.051500000000000004,-0.010266162848432583,-0.051500000000000004,-0.9867896448141863,-0.9854211882700934,-5.112094611489131,-12.360756654447247,0.2924281984334204,0.14673629242819844,0.27676240208877284,-0.16373896582865735,-0.4320610561056106,-0.9762838803115901
ds_rerank,5,2.0,0.5,1722,0.07897793263646923,0.3042973286875726,0.22822299651567945,0.5232288037166086,0.6957026713124274,0.5238095238095238,0.0,-0.0515,-0.051500000000000004,-0.00955854893389401,-0.051500000000000004,-0.9847692901235953,-0.9831915456717331,-5.009201492547208,-11.767719048010258,0.27409988385598144,0.1295005807200929,0.2607433217189315,-0.1536400802910489,-0.4320610561056106,-0.9663506558713988
ds_rerank,5,2.0,0.667,1722,0.07897793263646923,0.3042973286875726,0.22822299651567945,0.5232288037166086,0.6957026713124274,0.5238095238095238,0.0,-0.0515,-0.051500000000000004,-0.00955854893389401,-0.051500000000000004,-0.9847692901235953,-0.9831915456717331,-5.009201492547208,-11.767719048010258,0.27409988385598144,0.1295005807200929,0.2607433217189315,-0.1536400802910489,-0.4320610561056106,-0.9663506558713988
ds_rerank,5,2.0,0.75,1749,0.07833047455688966,0.30074328187535737,0.22984562607204118,0.5260148656375071,0.6992567181246426,0.5265866209262435,0.0,-0.051500000000000004,-0.051500000000000004,-0.010015686150887831,-0.051500000000000004,-0.9868948379696562,-0.9855372783514953,-5.225480960478793,-12.132138292207214,0.27787307032590053,0.13264722698684964,0.26357918810749,-0.153571514347696,-0.4320610561056106,-0.9715415276084712
ds_rerank,5,2.0,0.8,1829,0.07927829414980864,0.29852378348824493,0.23291416074357574,0.5303444505194095,0.7014762165117551,0.5308911973756151,0.0,-0.0515,-0.051500000000000004,-0.009583528613979089,-0.051500000000000004,-0.9844627629306338,-0.9828532654231383,-4.816267642360361,-11.827839231614055,0.28212137780207763,0.13559322033898305,0.26790595954073265,-0.15657310203221722,-0.4320610561056106,-0.9679618273785222
