pattern,split_cond,median_cut,n_hi,n_lo,net_tp_sl_hi,net_tp_sl_lo,net_tp_sl_diff,net_eod_hi,net_eod_lo,spike_dump_hi,spike_dump_lo,spike_sustain_hi,spike_sustain_lo,n_spike,abs_net_diff
atr_pct_14,f_log_qv,22.856924929197067,15598,15597,-0.010821380138304634,-0.003848811578412058,-0.006972568559892575,-0.0037133986027517475,-0.001745787413103931,0.08317214700193423,0.11315280464216634,0.7998065764023211,0.7137330754352031,2068,0.006972568559892575
atr_pct_14,f_qv_rank,51.0,15761,15434,-0.004913870464495967,-0.009807845613246574,0.004893975148750607,-0.0008023513081772611,-0.00469773090059103,0.11486486486486487,0.08139534883720931,0.722007722007722,0.7916666666666666,2068,0.004893975148750607
atr_pct_14,f_qv_surge_30d,0.490443659552126,14428,14427,-0.009590748072370219,-0.004730851045362031,-0.0048598970270081875,-0.002197102888662659,-0.0024352973620382565,0.10957446808510639,0.08519701810436635,0.7510638297872341,0.7699680511182109,1879,0.0048598970270081875
atr_pct_14,f_pos_in_20d_range,0.29032258064515454,14862,14861,-0.009363274304045703,-0.00495066275770618,-0.004412611546339523,-0.004598638316573037,-0.0003834871572735422,0.0842754367934224,0.11213991769547325,0.7985611510791367,0.7170781893004116,1945,0.004412611546339523
atr_pct_14,f_qv_surge_7d,0.6195190623563264,15598,15597,-0.00891522450024937,-0.005755089429433794,-0.003160135070815577,-0.002040665370429683,-0.0034186278925396915,0.109284332688588,0.08704061895551257,0.7504835589941973,0.7630560928433269,2068,0.003160135070815577
atr_pct_14,f_rsi_14,43.64035087719271,15598,15597,-0.008836435757672362,-0.005833883223542674,-0.0030025525341296887,-0.004212636223106569,-0.001246517784182055,0.08800773694390715,0.10831721470019343,0.7901353965183753,0.723404255319149,2068,0.0030025525341296887
atr_pct_14,f_dist_from_20d_high,-0.2815249266862382,14862,14861,-0.008511889727990465,-0.005802104623619172,-0.002709785104371293,-0.004474753206185044,-0.0005073806039182069,0.09455292908530319,0.10185185185185185,0.7852004110996916,0.7304526748971193,1945,0.002709785104371293
atr_pct_14,f_ret_14d,-0.07905412443192089,15107,15107,-0.008578422594901986,-0.005876073301823814,-0.0027023492930781717,-0.003932179964628562,-0.0010529566707884455,0.0893574297188755,0.10954773869346733,0.7931726907630522,0.721608040201005,1991,0.0027023492930781717
atr_pct_14,f_rv_21d,0.06359772020182157,15350,15349,-0.008595915427979658,-0.006014195628349283,-0.0025817197996303746,-0.0035831071858396196,-0.0016823676218446504,0.11493123772102161,0.08153241650294696,0.7426326129666012,0.7730844793713163,2036,0.0025817197996303746
atr_pct_14,f_dist_from_60d_high,-0.3619696240866128,13359,13359,-0.008190127936161567,-0.00606727132556318,-0.002122856610598387,-0.002906285014166817,-0.0015087389963063874,0.10071090047393365,0.08896797153024912,0.7796208530805687,0.7473309608540926,1687,0.002122856610598387
atr_pct_14,f_atr_pct_14,0.12022015147015129,15598,15597,-0.008052364410378723,-0.006618004841487544,-0.0014343595688911795,-0.002250133778231801,-0.003209146054692833,0.11121856866537717,0.0851063829787234,0.7369439071566731,0.776595744680851,2068,0.0014343595688911795
atr_pct_14,f_bounce_off_7d_low,0.10960960960960797,15598,15597,-0.008007944782605808,-0.006662427317220182,-0.001345517465385626,-0.003778175845334125,-0.0016810060173355196,0.10735009671179883,0.08897485493230174,0.7456479690522244,0.7678916827852998,2068,0.001345517465385626
atr_pct_14,f_ret_3d,-0.02919708029197088,15598,15597,-0.006850982231566474,-0.00781946404679071,0.0009684818152242364,-0.004685016361880181,-0.0007741073588059702,0.10638297872340426,0.08994197292069632,0.7495164410058027,0.7640232108317214,2068,0.0009684818152242364
atr_pct_14,f_ret_7d,-0.060415767233146234,15535,15535,-0.0073321901429208745,-0.0073044880470784545,-2.7702095842420046e-05,-0.004512991676116531,-0.0008712928858305395,0.1000971817298348,0.0943579766536965,0.7648202137998056,0.7509727626459144,2057,2.7702095842420046e-05
bounce_7d_low,f_log_qv,23.676366509956686,9868,9867,-0.013261914964276688,-0.0049854170715691246,-0.008276497892707563,-0.005941976486447289,-0.0027132953111537886,0.12939841089670828,0.11363636363636363,0.7400681044267877,0.7454545454545455,1761,0.008276497892707563
bounce_7d_low,f_bounce_off_7d_low,0.2561576354679742,9868,9867,-0.012809259756222179,-0.005438118155290811,-0.0073711416009313675,-0.006886568618069244,-0.001768607447077023,0.1543700340522134,0.08863636363636364,0.7071509648127128,0.7784090909090909,1761,0.0073711416009313675
bounce_7d_low,f_rv_21d,0.05418048225636157,9791,9790,-0.01251056178874821,-0.005586755887934798,-0.0069238059008134125,-0.00739215715307923,-0.001032617218464283,0.14874141876430205,0.09621993127147767,0.7013729977116705,0.7823596792668958,1747,0.0069238059008134125
bounce_7d_low,f_qv_rank,35.0,10002,9733,-0.0058945340003793084,-0.012442469746312653,0.006547935745933345,-0.0010696108163593691,-0.007675871922140128,0.10432852386237514,0.13953488372093023,0.758046614872364,0.7267441860465116,1761,0.006547935745933345
bounce_7d_low,f_dist_from_20d_high,-0.11518754863813274,9634,9634,-0.006072500765387671,-0.01180491087471148,0.005732410109323809,0.00048546571379602833,-0.008692928681914312,0.11228070175438597,0.1323185011709602,0.7730994152046784,0.711943793911007,1709,0.005732410109323809
bounce_7d_low,f_atr_pct_14,0.09145802650957097,9868,9867,-0.011977011720476317,-0.00627045053765021,-0.0057065611828261064,-0.0072608866409508335,-0.001394251487839614,0.11577752553916004,0.12727272727272726,0.7412031782065834,0.7443181818181818,1761,0.0057065611828261064
bounce_7d_low,f_pos_in_20d_range,0.6939084724798646,9634,9634,-0.006423310424336603,-0.011454101215762546,0.005030790791425943,0.00040376371414710524,-0.00861122668226539,0.10526315789473684,0.13934426229508196,0.7777777777777778,0.7072599531615925,1709,0.005030790791425943
bounce_7d_low,f_dist_from_60d_high,-0.19104210671563465,9065,9065,-0.006550119069618526,-0.011062269503527669,0.0045121504339091425,0.001987969008360791,-0.009616663507845699,0.09709962168978563,0.13745271122320302,0.78562421185372,0.7061790668348046,1586,0.0045121504339091425
bounce_7d_low,f_qv_surge_30d,1.3333501603311875,9484,9484,-0.010193524040904872,-0.007711716893772094,-0.002481807147132778,-0.003179166347495481,-0.004999988394428573,0.1532934131736527,0.09101796407185629,0.7077844311377246,0.7772455089820359,1670,0.002481807147132778
bounce_7d_low,f_qv_surge_7d,1.0250964742033168,9868,9867,-0.010240096034971637,-0.008007542255959744,-0.002232553779011893,-0.004936589936689813,-0.003718783754754354,0.15777525539160045,0.08522727272727272,0.7003405221339387,0.7852272727272728,1761,0.002232553779011893
bounce_7d_low,f_ret_3d,0.08485639686684077,9868,9867,-0.010128648893499615,-0.00811900069236857,-0.002009648201131045,-0.004706559417429517,-0.003948837587131024,0.1611804767309875,0.08181818181818182,0.6923950056753689,0.7931818181818182,1761,0.002009648201131045
bounce_7d_low,f_up_streak,1.0,13420,6315,-0.008506526111640642,-0.010435804702207048,0.001929278590566406,-0.004264757063532366,-0.004461515282788904,0.13302034428794993,0.09109730848861283,0.7284820031298904,0.7805383022774327,1761,0.001929278590566406
bounce_7d_low,f_rsi_14,63.06634304207116,9868,9867,-0.008179472354147045,-0.01006837477672361,0.0018889024225765653,-0.00034734049031734707,-0.008308498312046693,0.11237230419977298,0.13068181818181818,0.775255391600454,0.7102272727272727,1761,0.0018889024225765653
bounce_7d_low,f_ret_7d,0.16160772953019875,9835,9835,-0.009958743014760569,-0.008237984620924364,-0.0017207583938362043,-0.003020656699607488,-0.005559309593302471,0.13325740318906606,0.11060433295324971,0.7323462414578588,0.7525655644241733,1755,0.0017207583938362043
bounce_7d_low,f_ret_14d,0.15999999999999992,9723,9722,-0.009196345811703907,-0.008848710834755698,-0.0003476349769482093,-0.0013218562545951474,-0.0070622621141146575,0.11791907514450867,0.12947976878612716,0.753757225433526,0.7283236994219653,1730,0.0003476349769482093
mom_ret_3d,f_atr_pct_14,0.0763039777124276,8492,8491,-0.01200204850901788,-0.001813484566378369,-0.010188563942639511,-0.006947490092146433,0.00017101225931415252,0.12827586206896552,0.12689655172413794,0.7296551724137931,0.736551724137931,1450,0.010188563942639511
mom_ret_3d,f_log_qv,23.516150841098238,8521,8521,-0.011651611262410443,-0.002256089095679158,-0.009395522166731285,-0.005607849850697653,-0.0012568698042886865,0.14207650273224043,0.11627906976744186,0.7185792349726776,0.7441860465116279,1463,0.009395522166731285
mom_ret_3d,f_bounce_off_7d_low,0.21589403973509125,8492,8491,-0.011587994941444052,-0.002227586897768893,-0.00936040804367516,-0.005914666753906499,-0.0008619327163463731,0.17103448275862068,0.08413793103448276,0.6896551724137931,0.776551724137931,1450,0.00936040804367516
mom_ret_3d,f_qv_rank,35.0,8585,8457,-0.002457741630072463,-0.011518009087987396,0.009060267457914934,0.0008149959085743505,-0.007744000952494904,0.102803738317757,0.1568627450980392,0.7623497997329773,0.6988795518207283,1463,0.009060267457914934
mom_ret_3d,f_rv_21d,0.04766124774184755,8457,8456,-0.011335814200283968,-0.002298330370831151,-0.009037483829452818,-0.007554138921301205,0.0008496711344121386,0.15950069348127602,0.0970873786407767,0.7018030513176144,0.7628294036061026,1442,0.009037483829452818
mom_ret_3d,f_dist_from_20d_high,-0.08965517241379939,8352,8350,-0.0027984703476102604,-0.01054341893791328,0.00774494859030302,0.002323566470587181,-0.008679114483260572,0.10875706214689265,0.1497175141242938,0.7669491525423728,0.6991525423728814,1416,0.00774494859030302
mom_ret_3d,f_ret_3d,0.11544588612812812,8521,8521,-0.01042174936639523,-0.0034859509916943697,-0.00693579837470086,-0.005474446826542715,-0.0013902728284436242,0.17896174863387979,0.07934336525307797,0.6762295081967213,0.786593707250342,1463,0.00693579837470086
mom_ret_3d,f_ret_7d,0.11960663276817252,8482,8482,-0.00964988992253086,-0.00408140061505232,-0.005568489307478541,-0.0026881275734738095,-0.003972250596636298,0.1489655172413793,0.10620689655172413,0.7172413793103448,0.7489655172413793,1450,0.005568489307478541
mom_ret_3d,f_qv_surge_30d,1.5967430468289092,8251,8251,-0.00921041847641343,-0.004249552423401188,-0.004960866053012241,-0.004002382288997247,-0.002385109292132715,0.1697841726618705,0.0920863309352518,0.6762589928057554,0.7841726618705036,1390,0.004960866053012241
mom_ret_3d,f_pos_in_20d_range,0.7128798322870067,8351,8351,-0.004603391802098306,-0.008737570055741087,0.004134178253642781,0.001594407920741005,-0.007948638404860467,0.10875706214689265,0.1497175141242938,0.7655367231638418,0.7005649717514124,1416,0.004134178253642781
mom_ret_3d,f_dist_from_60d_high,-0.1933449471032086,7945,7945,-0.005270755524266061,-0.007755662881363905,0.0024849073570978432,0.0017082583048230822,-0.007380255221016988,0.10692771084337349,0.1478129713423831,0.766566265060241,0.6998491704374057,1327,0.0024849073570978432
mom_ret_3d,f_ret_14d,0.11794546607482559,8409,8408,-0.007774251585601827,-0.0057392921700945045,-0.0020349594155073224,-0.0007112113992429383,-0.005830344963345994,0.13426573426573427,0.12447552447552447,0.7454545454545455,0.7202797202797203,1430,0.0020349594155073224
mom_ret_3d,f_qv_surge_7d,1.3964734680193134,8492,8491,-0.007866917194787576,-0.005949102882294484,-0.0019178143124930916,-0.004602988278816096,-0.002173765670117153,0.17103448275862068,0.08413793103448276,0.6731034482758621,0.7931034482758621,1450,0.0019178143124930916
mom_ret_3d,f_up_streak,2.0,10262,6780,-0.007054964512559576,-0.006800806625869488,-0.0002541578866900882,-0.0030177451666681425,-0.004059907858376125,0.12993039443155452,0.1281198003327787,0.734338747099768,0.7271214642262895,1463,0.0002541578866900882
mom_ret_3d,f_rsi_14,62.144420131289124,8492,8491,-0.006813431898580856,-0.007002712249316913,0.00018928035073605652,0.00011296726665418688,-0.006890276621964243,0.12137931034482759,0.13379310344827586,0.76,0.7062068965517241,1450,0.00018928035073605652
mom_ret_7d,f_log_qv,23.69504117632518,7950,7949,-0.012359226945137514,-0.0022107645593736035,-0.01014846238576391,-0.004693753779825843,0.001012498108926233,0.13161659513590845,0.09598853868194843,0.7339055793991416,0.7707736389684814,1397,0.01014846238576391
mom_ret_7d,f_qv_rank,34.0,7979,7920,-0.003008426888862169,-0.011594063579554642,0.008585636690692473,0.0029453340884845,-0.006662603001739729,0.08781869688385269,0.14037626628075253,0.7861189801699717,0.7178002894356006,1397,0.008585636690692473
mom_ret_7d,f_bounce_off_7d_low,0.24401473296500353,7950,7949,-0.01140100493742422,-0.0031691071133200977,-0.008231897824104122,-0.003972345487020901,0.0002909990615241321,0.15593705293276108,0.07163323782234957,0.7024320457796852,0.8022922636103151,1397,0.008231897824104122
mom_ret_7d,f_ret_7d,0.18850574712643686,7950,7949,-0.011132052725663881,-0.0034380931598032623,-0.007693959565860619,-0.003766076581141577,8.470420660645346e-05,0.1459227467811159,0.08166189111747851,0.7167381974248928,0.7879656160458453,1397,0.007693959565860619
mom_ret_7d,f_rv_21d,0.04886761955176234,7927,7926,-0.01094271793433785,-0.0035965838748924393,-0.00734613405944541,-0.005514078891253109,0.0018304496913890045,0.14820143884892087,0.08069164265129683,0.7007194244604317,0.8025936599423631,1389,0.00734613405944541
mom_ret_7d,f_atr_pct_14,0.07771151178918163,7950,7949,-0.01072152821361744,-0.0038486693166493073,-0.006872858896968133,-0.00330384510267933,-0.00037758542149454825,0.11874105865522175,0.10888252148997135,0.7381974248927039,0.7664756446991404,1397,0.006872858896968133
mom_ret_7d,f_dist_from_20d_high,-0.0755901995260348,7848,7848,-0.003817239550222542,-0.010514245137171986,0.006697005586949444,0.0022265004321122173,-0.005769119216239177,0.1067251461988304,0.12298682284040996,0.7763157894736842,0.7291361639824304,1367,0.006697005586949444
mom_ret_7d,f_ret_3d,0.08091079915994248,7950,7949,-0.010188920558891191,-0.004381343974477172,-0.005807576584414019,-0.003152344844412542,-0.000529104738794958,0.1630901287553648,0.06446991404011461,0.6852646638054364,0.8194842406876791,1397,0.005807576584414019
mom_ret_7d,f_qv_surge_30d,1.5633868876810189,7762,7762,-0.009833807231673644,-0.004446883609587306,-0.005386923622086337,-0.0024829832562136994,-0.0009106618510577432,0.1485884101040119,0.08035714285714286,0.7087667161961367,0.7976190476190477,1345,0.005386923622086337
mom_ret_7d,f_qv_surge_7d,1.0830275036591706,7950,7949,-0.009551975872975285,-0.005018368789300602,-0.004533607083674683,-0.003622587906177938,-5.880251951770464e-05,0.14878397711015737,0.07879656160458452,0.7052932761087267,0.7994269340974212,1397,0.004533607083674683
mom_ret_7d,f_pos_in_20d_range,0.7790979338745174,7848,7848,-0.005001980307300562,-0.009329504380093966,0.004327524072793403,0.0016493358257364166,-0.005191954609863377,0.11403508771929824,0.11566617862371889,0.7646198830409356,0.7408491947291361,1367,0.004327524072793403
mom_ret_7d,f_dist_from_60d_high,-0.14414893617022184,7511,7510,-0.00559767200742758,-0.00841702026241983,0.0028193482549922497,0.0027660874791027245,-0.005753043617839018,0.09846153846153846,0.12923076923076923,0.7846153846153846,0.7246153846153847,1300,0.0028193482549922497
mom_ret_7d,f_ret_14d,0.20672921384665166,7894,7893,-0.008333371696835597,-0.006100483673239113,-0.002232888023596484,-0.0002650860725113778,-0.003321584629271558,0.12283236994219653,0.10740203193033382,0.7543352601156069,0.7503628447024674,1381,0.002232888023596484
mom_ret_7d,f_rsi_14,69.2883895131086,7950,7949,-0.006368226126002908,-0.008202519058319396,0.0018342929323164883,0.0008718657783476563,-0.0045538216152503095,0.12160228898426323,0.10601719197707736,0.7668097281831188,0.7378223495702005,1397,0.0018342929323164883
mom_ret_7d,f_up_streak,1.0,10951,4948,-0.006792392464876369,-0.00837625946108385,0.0015838669962074817,-0.0012799535371164636,-0.0030820986048501297,0.124634858812074,0.08378378378378379,0.7370983446932814,0.7945945945945946,1397,0.0015838669962074817
qv_surge_30d,f_log_qv,23.844103414264772,7653,7652,-0.012323325581074166,-0.0009523267190718434,-0.011370998862002322,-0.006042294399631956,0.0009326099875569917,0.1370056497175141,0.09745762711864407,0.7288135593220338,0.7288135593220338,1416,0.011370998862002322
qv_surge_30d,f_qv_rank,24.0,7843,7462,-0.001298785832948169,-0.01225023283817822,0.01095144700523005,0.003443540323768191,-0.008859961695914123,0.08567415730337079,0.14914772727272727,0.7415730337078652,0.7159090909090909,1416,0.01095144700523005
qv_surge_30d,f_rv_21d,0.04082886442239509,7653,7652,-0.011600359779379286,-0.001675387001399461,-0.009924972777979825,-0.006041194906379017,0.0009315103506170095,0.15677966101694915,0.07768361581920905,0.7076271186440678,0.75,1416,0.009924972777979825
qv_surge_30d,f_atr_pct_14,0.07039874773438788,7653,7652,-0.011518804964591671,-0.0017569524741607799,-0.009761852490430892,-0.005572097565322889,0.0004623517056741779,0.12570621468926554,0.10875706214689265,0.7387005649717514,0.7189265536723164,1416,0.009761852490430892
qv_surge_30d,f_bounce_off_7d_low,0.16666666666658214,7653,7652,-0.011092770731525113,-0.0021830423834208906,-0.008909728348104223,-0.004572866964926525,-0.0005370094789616518,0.1694915254237288,0.06497175141242938,0.6991525423728814,0.7584745762711864,1416,0.008909728348104223
qv_surge_30d,f_dist_from_20d_high,-0.10261026102618331,7653,7652,-0.0034644775694060988,-0.009812332447416815,0.006347854878010716,0.001338049129955351,-0.006448698040661992,0.10734463276836158,0.1271186440677966,0.7655367231638418,0.692090395480226,1416,0.006347854878010716
qv_surge_30d,f_qv_surge_30d,3.2787817041935683,7653,7652,-0.009778805023246993,-0.003497179807029417,-0.006281625216217576,-0.006313287916878619,0.0012036389195340838,0.15819209039548024,0.07627118644067797,0.672316384180791,0.7853107344632768,1416,0.006281625216217576
qv_surge_30d,f_ret_3d,0.06726335774342296,7653,7652,-0.009134073042126658,-0.004141996044812212,-0.004992076997314445,-0.0044051693632964125,-0.0007047289961173298,0.1765536723163842,0.05790960451977401,0.6765536723163842,0.7810734463276836,1416,0.004992076997314445
qv_surge_30d,f_ret_7d,0.09508408796895207,7653,7652,-0.0091124310979205,-0.004163640817291264,-0.004948790280629237,-0.0026988484175011766,-0.002411272932104124,0.1440677966101695,0.0903954802259887,0.7245762711864406,0.7330508474576272,1416,0.004948790280629237
qv_surge_30d,f_ret_14d,0.10169491525423724,7653,7652,-0.00847465229132893,-0.0048015029718711496,-0.003673149319457781,-0.0017889341289128039,-0.0033213061326486633,0.1285310734463277,0.1059322033898305,0.748587570621469,0.7090395480225988,1416,0.003673149319457781
qv_surge_30d,f_qv_surge_7d,2.3300577956689073,7653,7652,-0.007589886667172182,-0.0056863842214361785,-0.0019035024457360033,-0.0058673221053852165,0.0007576148270930216,0.16101694915254236,0.07344632768361582,0.655367231638418,0.8022598870056498,1416,0.0019035024457360033
qv_surge_30d,f_pos_in_20d_range,0.64062499999999,7653,7652,-0.005730513961482478,-0.0075459999188542785,0.0018154859573718003,0.00018513342210414868,-0.005295631664265592,0.1228813559322034,0.1115819209039548,0.751412429378531,0.7062146892655368,1416,0.0018154859573718003
qv_surge_30d,f_up_streak,1.0,10675,4630,-0.006209679910121539,-0.007626194748542316,0.001416514838420777,-0.002572810686296435,-0.0025141670279444535,0.12916666666666668,0.10488505747126436,0.7291666666666666,0.728448275862069,1416,0.001416514838420777
qv_surge_30d,f_rsi_14,61.904761904753656,7653,7652,-0.007178274596121728,-0.006098050083922996,-0.0010802245121987316,-0.0007149825715361341,-0.0043953980391572426,0.11864406779661017,0.11581920903954802,0.7528248587570622,0.7048022598870056,1416,0.0010802245121987316
qv_surge_30d,f_dist_from_60d_high,-0.2012349748238203,7506,7506,-0.0062951345789110345,-0.006685823330570725,0.00039068875165969037,0.00014992810768517457,-0.004857424525779854,0.10901162790697674,0.11644832605531295,0.7630813953488372,0.7016011644832606,1375,0.00039068875165969037
qv_surge_7d,f_log_qv,23.341409468849413,7425,7425,-0.011180336757036459,-0.0005246142694867148,-0.010655722487549743,-0.0072598295944203296,0.0002251333391272761,0.16366612111292964,0.10163934426229508,0.679214402618658,0.7032786885245902,1221,0.010655722487549743
qv_surge_7d,f_qv_rank,32.0,7454,7396,-0.0008206915800049455,-0.010923719082555126,0.01010302750255018,0.0015275772523552378,-0.008601836199919803,0.0967741935483871,0.16971713810316139,0.7112903225806452,0.670549084858569,1221,0.01010302750255018
qv_surge_7d,f_rv_21d,0.03928762353394155,7413,7413,-0.010185939670084628,-0.0014582065318888733,-0.008727733138195755,-0.006720675325826839,-0.00027622968678812026,0.17898193760262726,0.08717105263157894,0.6666666666666666,0.7154605263157895,1217,0.008727733138195755
qv_surge_7d,f_atr_pct_14,0.06716786932856264,7425,7425,-0.009701753022015643,-0.002003198004507532,-0.0076985550175081114,-0.005865491699848775,-0.001169204555444279,0.15875613747954173,0.10655737704918032,0.6710310965630114,0.7114754098360656,1221,0.0076985550175081114
qv_surge_7d,f_qv_surge_30d,2.7634132254846957,7309,7309,-0.008630027257788626,-0.0027421669627163926,-0.005887860295072233,-0.0057162241565350625,-0.0010603234326241222,0.16917922948073702,0.09228187919463088,0.6532663316582915,0.7315436241610739,1193,0.005887860295072233
qv_surge_7d,f_bounce_off_7d_low,0.12489771706033692,7425,7425,-0.008587885632833872,-0.0031170653936893017,-0.00547082023914457,-0.005233367927526851,-0.0018013283277662025,0.19476268412438624,0.07049180327868852,0.6546644844517185,0.7278688524590164,1221,0.00547082023914457
qv_surge_7d,f_dist_from_20d_high,-0.12826523777629084,7363,7362,-0.0037744578501059892,-0.00769612445358085,0.003921666603474861,-0.0012898117330778281,-0.005777940243169814,0.1264559068219634,0.13810316139767054,0.7254575707154742,0.6572379367720466,1202,0.003921666603474861
qv_surge_7d,f_ret_3d,0.050000000000000044,7430,7420,-0.007558292126995586,-0.004144359955304227,-0.0034139321716913596,-0.0053225565577748315,-0.0017097068020598273,0.19148936170212766,0.07377049180327869,0.6595744680851063,0.7229508196721312,1221,0.0034139321716913596
qv_surge_7d,f_qv_surge_7d,2.713965592431225,7425,7425,-0.007553278710518742,-0.004151672316004432,-0.00340160639451431,-0.006787389933894793,-0.0002473063213982614,0.15875613747954173,0.10655737704918032,0.6513911620294599,0.7311475409836066,1221,0.00340160639451431
qv_surge_7d,f_ret_7d,0.043238162975005046,7424,7424,-0.007208827851707581,-0.004483825889124122,-0.0027250019625834595,-0.004167419616676744,-0.0028334058659689907,0.16176470588235295,0.10344827586206896,0.696078431372549,0.6863711001642037,1221,0.0027250019625834595
qv_surge_7d,f_ret_14d,0.01538461538461533,7393,7392,-0.006424203256794592,-0.00518363349758482,-0.0012405697592097727,-0.003800286920848806,-0.003094616102358004,0.1551155115511551,0.11239669421487604,0.698019801980198,0.6826446280991736,1211,0.0012405697592097727
qv_surge_7d,f_dist_from_60d_high,-0.26593546462171425,7118,7118,-0.006052991805020222,-0.004855448008050956,-0.0011975437969692663,-0.003252991274085726,-0.00291719493299923,0.12937062937062938,0.1190893169877408,0.7045454545454546,0.691768826619965,1143,0.0011975437969692663
qv_surge_7d,f_rsi_14,52.22576079263338,7425,7425,-0.006385280869868578,-0.005319670156654596,-0.0010656107132139825,-0.0036790051671821127,-0.0033556910881109405,0.15057283142389524,0.11475409836065574,0.7021276595744681,0.680327868852459,1221,0.0010656107132139825
qv_surge_7d,f_up_streak,1.0,10752,4098,-0.0055772869955900695,-0.006574492824634001,0.0009972058290439317,-0.003864833178001324,-0.002605645037989431,0.13622291021671826,0.12869565217391304,0.7074303405572755,0.6730434782608695,1221,0.0009972058290439317
qv_surge_7d,f_pos_in_20d_range,0.4894613583138061,7363,7362,-0.0059891406487996785,-0.005481140828644469,-0.0005079998201552097,-0.002865593821774165,-0.004201944111809975,0.14143094841930118,0.12312811980033278,0.7204658901830283,0.6622296173044925,1202,0.0005079998201552097
rv_21d,f_log_qv,22.951046328709694,13992,13992,-0.011472161851305,-0.00458108638541952,-0.00689107546588548,-0.004725422151124734,-0.0028564698700753116,0.11795407098121086,0.11180773249738767,0.7588726513569938,0.7241379310344828,1915,0.00689107546588548
rv_21d,f_qv_surge_30d,0.5199143425224806,13150,13149,-0.011044152486125355,-0.004755852973488643,-0.006288299512636712,-0.004410498465289269,-0.0025118487285405128,0.14785553047404063,0.08126410835214447,0.7121896162528216,0.7776523702031602,1772,0.006288299512636712
rv_21d,f_qv_rank,46.0,14042,13942,-0.005026523481577434,-0.011048243193224727,0.006021719711647293,-0.0013296361499920435,-0.006269909793605134,0.11361310133060389,0.1162046908315565,0.7287615148413511,0.7547974413646056,1915,0.006021719711647293
rv_21d,f_pos_in_20d_range,0.3373493975903511,13581,13581,-0.009811801440904145,-0.005924454001631028,-0.003887347439273117,-0.005063346616129242,-0.0022737833610759124,0.12104689203925845,0.11123227917121047,0.7502726281352236,0.7317339149400218,1834,0.003887347439273117
rv_21d,f_qv_surge_7d,0.6823456376147448,13992,13992,-0.009798818227304508,-0.006254430009420014,-0.0035443882178844933,-0.004323922271988575,-0.003257969749211472,0.1524008350730689,0.07732497387669801,0.7035490605427975,0.7795193312434692,1915,0.0035443882178844933
rv_21d,f_bounce_off_7d_low,0.11822545002531581,13992,13992,-0.009575958663492928,-0.006477289573231594,-0.003098669090261334,-0.004825717512187525,-0.00275617450901252,0.14718162839248433,0.08254963427377221,0.7045929018789144,0.7784743991640544,1915,0.003098669090261334
rv_21d,f_rv_21d,0.06926757166188408,13992,13992,-0.009014689730982066,-0.007038558505742454,-0.0019761312252396116,-0.004479004758297577,-0.0031028872629024692,0.12839248434237996,0.1013584117032393,0.7233820459290188,0.7596656217345873,1915,0.0019761312252396116
rv_21d,f_dist_from_20d_high,-0.26444519978850456,13581,13581,-0.008792688232506129,-0.0069435672100290405,-0.0018491210224770883,-0.0049344580686742886,-0.002402671908530866,0.12540894220283533,0.10687022900763359,0.7535441657579062,0.7284623773173392,1834,0.0018491210224770883
rv_21d,f_atr_pct_14,0.11509471780344313,13992,13992,-0.008851213474327378,-0.007202034762397143,-0.0016491787119302347,-0.002837099895428664,-0.0047447921257713814,0.10960334029227557,0.12016718913270637,0.7369519832985386,0.7460815047021944,1915,0.0016491787119302347
rv_21d,f_dist_from_60d_high,-0.35308450010307946,12212,12212,-0.008562992691380155,-0.007269068118880215,-0.00129392457249994,-0.0031844397095832006,-0.0035695617584736703,0.13135068153655513,0.09553349875930521,0.7496902106567535,0.7431761786600496,1613,0.00129392457249994
rv_21d,f_rsi_14,46.68732873061465,13992,13992,-0.008615417161465177,-0.0074378310752593445,-0.001177586086205832,-0.003763063100073756,-0.0038188289211262905,0.1127348643006263,0.11703239289446186,0.7609603340292276,0.722048066875653,1915,0.001177586086205832
rv_21d,f_ret_7d,-0.02478075848359207,13992,13992,-0.008461505893246023,-0.007591742343478497,-0.0008697635497675266,-0.005213544543089277,-0.002368347478110769,0.12839248434237996,0.1013584117032393,0.7296450939457203,0.7533960292580982,1915,0.0008697635497675266
rv_21d,f_ret_14d,-0.04152861255895851,13815,13815,-0.008287462636207627,-0.007589449776983533,-0.0006980128592240942,-0.0034534424954850954,-0.003870420646336577,0.11194029850746269,0.12153518123667377,0.7601279317697228,0.7217484008528785,1876,0.0006980128592240942
rv_21d,f_ret_3d,-0.01388888888888895,13993,13991,-0.008254027984832015,-0.007799187744728405,-0.00045484024010361036,-0.00546442869012044,-0.002117224108339341,0.13674321503131523,0.09299895506792058,0.721294363256785,0.7617554858934169,1915,0.00045484024010361036
