label,feature,threshold,n_folds_ok,base_mean,prec_mean,lift_mean,lift_min,lift_std,recall_mean,sel_rate_mean,n_sel_total,folds_lift_gt1
pump15,qv_zscore_30d,3.0,5,0.0316495241344245,0.11285499275961844,3.6237695233064544,3.372458185907738,0.27090533675619277,0.12053396995163095,0.03348904077555638,5100,5
pump15,qv_ratio_med_30d,5.0,5,0.03143680752145912,0.10995247325360487,3.5762368242828257,2.9682608427309845,0.4157504789074102,0.2785801039781448,0.079180944789819,12285,5
pump15,qv_ratio_med_14d,5.0,5,0.03175720212668839,0.10992688237813038,3.5124992959021357,2.9328501093334958,0.35537495608179787,0.21904376790930596,0.06303360339503425,10041,5
pump15,qv_ratio_med_7d,5.0,5,0.032023998074162535,0.10452842795079931,3.2931827571731858,3.098312346731321,0.21215416274912333,0.16388716730372435,0.050124240686168796,8097,5
pump15,qv_zscore_30d,2.0,5,0.0316495241344245,0.09507153903678442,2.983563991528183,2.7818215305707668,0.13168910495910757,0.1712616073760636,0.057318402046321215,8630,5
pump15,qv_ratio_med_30d,3.0,5,0.03143680752145912,0.0890487049000817,2.8777621448987496,2.57983917500265,0.2419916765210725,0.3742626097650422,0.1315108451499035,20111,5
pump15,qv_ratio_med_14d,3.0,5,0.03175720212668839,0.08903654317807061,2.835715586160418,2.5967590491165216,0.1924218498749287,0.30332358911562796,0.10772239624236665,16873,5
pump15,qv_ratio_med_max_3d,8.0,5,0.03175720212668839,0.08722044951648278,2.815163838412078,2.2590328302097364,0.3601109198111923,0.2380029164037823,0.08622485103914944,13925,5
pump15,qv_ratio_med_7d,3.0,5,0.032023998074162535,0.08598204019206357,2.718296372569309,2.573256826662534,0.17341134733865896,0.23530397629788694,0.08706133098493994,13843,5
pump15,qv_ratio_med_max_3d,5.0,5,0.03175720212668839,0.07767687393150005,2.496755518583176,2.0745858950860416,0.2740638105316103,0.3286870838556452,0.13343294093424443,21246,5
pump15,qv_zscore_30d,1.0,5,0.0316495241344245,0.07743624254185491,2.4238498458581192,2.2745481926431563,0.10320825802862199,0.25793878017556204,0.1065086474584708,15943,5
pump15,qv_rank_jump_3d,0.3,5,0.03193573798703232,0.07271289622274614,2.3414139926614803,1.8378194924308306,0.37511269673397507,0.16726339284872815,0.0726291966173437,11403,5
pump15,qv_ratio_med_14d,2.0,5,0.03175720212668839,0.0725061343220586,2.306184932015919,2.166524758185066,0.1403973832793856,0.3945874346903896,0.17200634919020064,26670,5
pump15,qv_ratio_med_30d,2.0,5,0.03143680752145912,0.07198854595614622,2.2991393711362917,2.1760366895624266,0.10748175814326785,0.46006260993065506,0.20092202613056043,30542,5
pump15,qv_rank_xs,0.95,5,0.03221163338232962,0.07496791614552258,2.287852059509766,1.7951069834501476,0.377375564288959,0.12426072627310907,0.05424498433430125,8455,5
pump15,qv_ratio_med_7d,2.0,5,0.032023998074162535,0.07073288507446704,2.225821360110682,2.1543551555815648,0.08204064301362383,0.3229321862880434,0.14544097290290564,22847,5
pump15,qv_rank_xs,0.9,5,0.03221163338232962,0.07100058710966432,2.190851797129047,1.8626385806159735,0.25828863847302075,0.2277867238649681,0.10400684457109918,16306,5
pump15,qv_ratio_med_max_3d,3.0,5,0.03175720212668839,0.06390489149574731,2.048544190215438,1.79999689552942,0.18362122905218184,0.44454517303105356,0.21882841459304006,34313,5
pump15,qv_rank_jump_3d,0.2,5,0.03193573798703232,0.062152827368272115,1.9910011245019479,1.6729699735634205,0.24764054327579313,0.2335508695228164,0.11860487022778884,18600,5
pump15,qv_ratio_med_30d,1.5,5,0.03143680752145912,0.06157166999289261,1.9675482536445539,1.8550271029063221,0.10255751098496176,0.5404930845810905,0.27579124898947305,41938,5
pump15,qv_ratio_med_14d,1.5,5,0.03175720212668839,0.0601830810600877,1.9010773805822594,1.8120696308023971,0.07475642577752911,0.4725977821935959,0.249036996254396,38542,5
pump15,qv_rank_xs,0.8,5,0.03221163338232962,0.0589084618215856,1.8365278226963064,1.7136484384871469,0.14193177872799193,0.3746170415850014,0.20397619965012082,32033,5
pump15,qv_ratio_med_7d,1.5,5,0.032023998074162535,0.05792980363659117,1.8055276695126792,1.77483001602271,0.030599993670694384,0.39383995142121847,0.21814644927620278,34131,5
pump15,qv_ratio_med_max_3d,2.0,5,0.03175720212668839,0.054108626417755545,1.7299019677517755,1.575353217901985,0.14342033606617846,0.5673442075275883,0.32980566029966707,51370,5
pump15,qv_consec_up,4.0,5,0.03221163338232962,0.0537437345756203,1.5935120839116965,0.82374027536447,0.44042560235034306,0.02391035310955711,0.014864359919609488,2286,4
pump15,qv_rank_jump_3d,0.1,5,0.03193573798703232,0.05027352583766385,1.5911978850158128,1.4660093665112424,0.09641371540987509,0.34049075049892397,0.21473994374376168,33686,5
pump15,qv_consec_up,3.0,5,0.03221163338232962,0.048419887653994256,1.4613831016178345,1.1465627152888778,0.18906531131406734,0.07777097431640798,0.053301154251131154,8267,5
pump15,qv_consec_up,2.0,5,0.03221163338232962,0.041908547026271406,1.28452785443516,1.1288764514132326,0.13025717152007713,0.21969605741038833,0.1714862178698789,26775,5
pump20,qv_zscore_30d,3.0,5,0.01609084553492266,0.06793233615770074,4.332004622994572,3.8825648824192687,0.3889735277190462,0.14400720371834377,0.03348904077555638,5100,5
pump20,qv_ratio_med_14d,5.0,5,0.016169922531690764,0.06503281391669227,4.099457717893576,3.440446198995455,0.4047154355191621,0.25614814756917825,0.06303360339503425,10041,5
pump20,qv_ratio_med_30d,5.0,5,0.01599487960523237,0.06330695472378514,4.0527120057720305,3.3339598624372138,0.4371268028725856,0.31755581250278164,0.079180944789819,12285,5
pump20,qv_ratio_med_7d,5.0,5,0.016385675859174952,0.06353452778749145,3.911386595092553,3.5280751652154234,0.265101396841169,0.19467197654591645,0.050124240686168796,8097,5
pump20,qv_zscore_30d,2.0,5,0.01609084553492266,0.05544806676083205,3.445319736324348,3.3817396078748314,0.08581428467401757,0.1973337933322044,0.057318402046321215,8630,5
pump20,qv_ratio_med_14d,3.0,5,0.016169922531690764,0.05113920690972591,3.1944927582882268,2.96763537587382,0.14257697212832202,0.3428916147075768,0.10772239624236665,16873,5
pump20,qv_ratio_med_30d,3.0,5,0.01599487960523237,0.04965186154122988,3.1552954273661094,2.825543865368627,0.2462444109149206,0.41203230135481556,0.1315108451499035,20111,5
pump20,qv_ratio_med_max_3d,8.0,5,0.016169922531690764,0.0493584621323869,3.1459056825579634,2.429581402075934,0.45173442952751636,0.26592725067907913,0.08622485103914944,13925,5
pump20,qv_ratio_med_7d,3.0,5,0.016385675859174952,0.05053038307502894,3.13509927034402,2.930847761181624,0.1973322631060667,0.2715207741321918,0.08706133098493994,13843,5
pump20,qv_ratio_med_max_3d,5.0,5,0.016169922531690764,0.04360652585199952,2.771247359788069,2.223651900029705,0.3720163003432947,0.3649769125502316,0.13343294093424443,21246,5
pump20,qv_rank_jump_3d,0.3,5,0.016307279219148135,0.04342927768291381,2.7169894175905625,2.396244362426654,0.2650681460610387,0.1947886703340051,0.0726291966173437,11403,5
pump20,qv_zscore_30d,1.0,5,0.01609084553492266,0.044111763271658076,2.6886640583881283,2.383680555246458,0.18668700248569933,0.28718951675990845,0.1065086474584708,15943,5
pump20,qv_ratio_med_14d,2.0,5,0.016169922531690764,0.0410833214740728,2.567564316414643,2.4112603022697474,0.1395724368993843,0.44029498121776206,0.17200634919020064,26670,5
pump20,qv_rank_xs,0.95,5,0.016489565366487706,0.04292723564383212,2.5121923421428276,1.5721123270075623,0.6793470966471801,0.13656519716807486,0.05424498433430125,8455,5
pump20,qv_ratio_med_30d,2.0,5,0.01599487960523237,0.039675546550654216,2.489566310501995,2.3336364188924272,0.11374004792147828,0.49947351090623265,0.20092202613056043,30542,5
pump20,qv_ratio_med_7d,2.0,5,0.016385675859174952,0.04037047751305169,2.481121132407326,2.398962021720489,0.06398117930780386,0.3604914627862065,0.14544097290290564,22847,5
pump20,qv_rank_xs,0.9,5,0.016489565366487706,0.03997193178804067,2.3702976284306057,1.6509085794525653,0.4894080691525515,0.24640656059818902,0.10400684457109918,16306,5
pump20,qv_rank_jump_3d,0.2,5,0.016307279219148135,0.035486389220572775,2.227938060717981,2.0233568901934342,0.2210251459181405,0.2624971718101806,0.11860487022778884,18600,5
pump20,qv_ratio_med_max_3d,3.0,5,0.016169922531690764,0.03519367323161204,2.2152609111717494,1.9306322494959578,0.1861934978505052,0.4820046642024714,0.21882841459304006,34313,5
pump20,qv_ratio_med_30d,1.5,5,0.01599487960523237,0.033332040056348405,2.092964517582433,1.9318272994504122,0.11947712395423965,0.575930706800452,0.27579124898947305,41938,5
pump20,qv_ratio_med_14d,1.5,5,0.016169922531690764,0.033515023186912025,2.0704032068577782,1.9585703067270512,0.09554068840744613,0.5154775218984554,0.249036996254396,38542,5
pump20,qv_ratio_med_7d,1.5,5,0.016385675859174952,0.032392535842891236,1.956223641062925,1.8161677740419926,0.08261415383935548,0.4276369669319046,0.21814644927620278,34131,5
pump20,qv_rank_xs,0.8,5,0.016489565366487706,0.031296662024462574,1.8971598816682076,1.6434940627276098,0.25256536149087083,0.38697637571212323,0.20397619965012082,32033,5
pump20,qv_ratio_med_max_3d,2.0,5,0.016169922531690764,0.029316254670609238,1.8400524352767733,1.648444353357765,0.1443373284375228,0.6044898514434525,0.32980566029966707,51370,5
pump20,qv_consec_up,4.0,5,0.016489565366487706,0.02942787838874324,1.7562910370099032,1.1362243580023128,0.5249485875320623,0.026702009513167792,0.014864359919609488,2286,5
pump20,qv_rank_jump_3d,0.1,5,0.016307279219148135,0.028100157197398057,1.730325423335092,1.669489730384563,0.06497385028484737,0.3717755045928838,0.21473994374376168,33686,5
pump20,qv_consec_up,3.0,5,0.016489565366487706,0.025906691915688583,1.4978483633798505,0.9124089165530883,0.3450729629170616,0.07980794243799001,0.053301154251131154,8267,4
pump20,qv_consec_up,2.0,5,0.016489565366487706,0.022842427132611604,1.3442503491974975,1.1306644986617127,0.1889899102036563,0.22969131927322867,0.1714862178698789,26775,5
