strategy,rule,cost_pct,n_trades,n_days,avg_trade_net_pct,pos_trade_pct,cum_return_pct,annualized_sharpe,mdd_pct,worst_day_pct
random_top100,TP10_SL5,0.15,5080,754,-0.1764459181719346,43.818897637795274,-92.35449909550523,-1.8536571305220293,-94.48033172458754,-5.15
distribution_beta,TP10_SL5,0.15,5080,754,-0.24467315503721412,38.582677165354326,-98.86548125438851,-3.0535880975430407,-99.05999135490539,-5.15
momentum_1d,TP10_SL5,0.15,5080,754,-0.30547805626359137,38.07086614173228,-99.16713857219406,-3.350774779874496,-99.28886250582273,-5.15
setup_momentum,TP10_SL5,0.15,5080,754,-0.3301160418546002,37.874015748031496,-99.25674306331435,-3.439859952151642,-99.37344230711368,-5.15
setup_only,TP10_SL5,0.15,5080,754,-0.32812432524185803,37.93307086614173,-99.24700585350283,-3.4440186350430633,-99.36155172377413,-5.15
vol_momentum,TP10_SL5,0.15,5080,754,-0.44604377750374347,36.71259842519685,-99.63324252563795,-3.929306083970839,-99.6849429993546,-5.15
atr_14,TP10_SL5,0.15,5080,754,-0.5361238166673812,38.64173228346457,-99.7040024102276,-4.016607319655212,-99.73573799902087,-5.15
random_top100,TP10_SL5,0.2,5080,754,-0.22644591817193466,43.346456692913385,-94.76398331277332,-2.1683746413395406,-95.93813416778086,-5.2
distribution_beta,TP10_SL5,0.2,5080,754,-0.2946731550372142,38.38582677165354,-99.22380006965177,-3.3383036930836556,-99.34720866773897,-5.2
momentum_1d,TP10_SL5,0.2,5080,754,-0.35547805626359147,37.854330708661415,-99.43026900346153,-3.6402563496003566,-99.51235531807288,-5.2
setup_momentum,TP10_SL5,0.2,5080,754,-0.38011604185460024,37.67716535433071,-99.4915932775954,-3.7294988871712773,-99.57038102499895,-5.2
setup_only,TP10_SL5,0.2,5080,754,-0.3781243252418581,37.73622047244095,-99.48492867427603,-3.7346645301306634,-99.56222315447971,-5.2
vol_momentum,TP10_SL5,0.2,5080,754,-0.4960437775037434,36.51574803149607,-99.74921892839598,-4.215834327262944,-99.7838081020976,-5.2
atr_14,TP10_SL5,0.2,5080,754,-0.5861238166673812,38.267716535433074,-99.79762603031023,-4.298565519686266,-99.81549480094853,-5.2
random_top100,TP20_only,0.15,5080,754,0.03150790069417696,46.2992125984252,-69.41127817154158,-0.45088600241668186,-86.48796787259381,-20.328918914815787
atr_14,TP20_only,0.15,5080,754,-0.15258192262173217,43.52362204724409,-91.52071259419655,-0.9010045371441793,-95.457654801153,-24.957123524800995
distribution_beta,TP20_only,0.15,5080,754,0.031489216232625294,43.4251968503937,-95.83710433357524,-1.196614863312039,-98.00640468891201,-21.45686335501135
momentum_1d,TP20_only,0.15,5080,754,-0.0012902178616610504,42.93307086614173,-96.47521747125681,-1.2949826503380184,-98.5084460528535,-21.45686335501135
vol_momentum,TP20_only,0.15,5080,754,-0.06323711350609267,42.322834645669296,-96.95566159888544,-1.3774886824614117,-98.54720951433605,-19.631353057332575
setup_only,TP20_only,0.15,5080,754,-0.03619283498049724,43.031496062992126,-97.02445073178049,-1.3865422604250297,-98.6033773053609,-21.45686335501135
setup_momentum,TP20_only,0.15,5080,754,-0.03887985207397438,42.952755905511815,-97.06653489010665,-1.3930160861682506,-98.69192331802836,-21.45686335501135
random_top100,TP20_only,0.2,5080,754,-0.01849209930582308,45.80708661417322,-79.03872547128444,-0.7086749016681958,-89.41231820935633,-20.378918914815785
atr_14,TP20_only,0.2,5080,754,-0.20258192262173225,43.09055118110236,-94.19404528483645,-1.1068268551972256,-96.79751134221003,-25.007123524800996
distribution_beta,TP20_only,0.2,5080,754,-0.018510783767374746,43.12992125984252,-97.15070807099845,-1.3941163997822743,-98.5493393647176,-21.50686335501135
momentum_1d,TP20_only,0.2,5080,754,-0.05129021786166103,42.65748031496063,-97.58765839717502,-1.4936027015669815,-98.88648419373075,-21.50686335501135
vol_momentum,TP20_only,0.2,5080,754,-0.11323711350609274,42.04724409448819,-97.91661002033949,-1.5763218459214154,-98.92732145141177,-19.681353057332572
setup_only,TP20_only,0.2,5080,754,-0.08619283498049729,42.775590551181104,-97.96372424190523,-1.5854504670277552,-98.98391210455259,-21.50686335501135
setup_momentum,TP20_only,0.2,5080,754,-0.08887985207397442,42.696850393700785,-97.99253850373073,-1.591820389418809,-99.0483641416771,-21.50686335501135
random_top100,TP3_SL3,0.15,5080,754,-0.4018909708196487,45.2755905511811,-97.55128722722397,-4.946044103735661,-97.63995969942552,-3.15
atr_14,TP3_SL3,0.15,5080,754,-0.7501043672906369,40.0,-99.72159467598833,-8.183161057186116,-99.73491819324617,-3.15
distribution_beta,TP3_SL3,0.15,5080,754,-0.7284926823193458,40.09842519685039,-99.86006272274183,-9.318751977851228,-99.86834789918073,-3.15
setup_momentum,TP3_SL3,0.15,5080,754,-0.7232210169086379,40.177165354330704,-99.85607247721393,-9.32401816220037,-99.8659330836373,-3.15
momentum_1d,TP3_SL3,0.15,5080,754,-0.7382685964759275,39.90157480314961,-99.86518267498631,-9.341009474998126,-99.87316471770319,-3.15
setup_only,TP3_SL3,0.15,5080,754,-0.749640728873017,39.78346456692913,-99.8742798995524,-9.525368091959916,-99.88243405485778,-3.15
vol_momentum,TP3_SL3,0.15,5080,754,-0.8001263259655065,38.838582677165356,-99.88061957515009,-9.66382823051211,-99.88680074460873,-3.15
random_top100,TP3_SL3,0.2,5080,754,-0.45189097081964863,44.960629921259844,-98.32377548007344,-5.467795591621951,-98.38045892131348,-3.2
atr_14,TP3_SL3,0.2,5080,754,-0.800104367290637,39.84251968503937,-99.80963020954586,-8.720477872517192,-99.81728866849865,-3.2
distribution_beta,TP3_SL3,0.2,5080,754,-0.7784926823193459,40.07874015748031,-99.90434580720617,-9.865323311877471,-99.90974142425195,-3.2
setup_momentum,TP3_SL3,0.2,5080,754,-0.773221016908638,40.15748031496063,-99.90161682232936,-9.873186418784723,-99.90808496648839,-3.2
momentum_1d,TP3_SL3,0.2,5080,754,-0.7882685964759275,39.86220472440945,-99.9078473211481,-9.885817447877901,-99.9130454264303,-3.2
setup_only,TP3_SL3,0.2,5080,754,-0.7996407288730172,39.74409448818898,-99.9140685583305,-10.074873586572101,-99.91940321949768,-3.2
vol_momentum,TP3_SL3,0.2,5080,754,-0.8501263259655069,38.838582677165356,-99.91840388741304,-10.21685966106863,-99.92239821434053,-3.2
distribution_beta,TP3_only,0.15,5080,754,0.28194056033815285,68.09055118110237,99.7339718304185,0.920269341401312,-61.98964421059472,-13.620770968652923
setup_momentum,TP3_only,0.15,5080,754,0.252371891010193,67.83464566929133,71.91701054809087,0.7777928714259353,-64.05486560127726,-13.620770968652923
setup_only,TP3_only,0.15,5080,754,0.2391446369468018,67.93307086614173,60.38852050485482,0.7107833414699674,-63.952445309324546,-13.620770968652923
momentum_1d,TP3_only,0.15,5080,754,0.23875892328871032,67.61811023622047,60.21112510626574,0.7081756895493212,-63.8167776933523,-15.298157304420517
vol_momentum,TP3_only,0.15,5080,754,0.16067025487805967,67.5,25.217226955973217,0.47509198198471614,-70.7797293775132,-13.620770968652923
random_top100,TP3_only,0.15,5080,754,-0.08103665259307315,56.751968503937015,-78.49295935435114,-1.261541585407372,-87.75264324858004,-13.35035854191452
atr_14,TP3_only,0.15,5080,754,-0.22012807710137333,60.43307086614173,-79.8571927361499,-1.280780636950555,-84.61558219727654,-13.031005890927979
distribution_beta,TP3_only,0.2,5080,754,0.23194056033815283,68.03149606299212,37.01588000432181,0.5611874128969553,-64.9315100113814,-13.670770968652924
setup_momentum,TP3_only,0.2,5080,754,0.20237189101019296,67.81496062992126,17.924814645525288,0.4184368548537494,-66.63810099448106,-13.670770968652924
momentum_1d,TP3_only,0.2,5080,754,0.1887589232887103,67.57874015748031,9.890804021825561,0.35464466261678057,-66.41702390882881,-15.348157304420518
setup_only,TP3_only,0.2,5080,754,0.18914463694680178,67.89370078740158,10.01301197533271,0.35291755161045013,-66.74329318092933,-13.670770968652924
vol_momentum,TP3_only,0.2,5080,754,0.11067025487805968,67.46062992125984,-14.122051530547175,0.11614774565957377,-75.11843722974683,-13.670770968652924
random_top100,TP3_only,0.2,5080,754,-0.1310366525930732,56.33858267716535,-85.26266009406078,-1.6332539815657527,-90.81959480136156,-13.40035854191452
atr_14,TP3_only,0.2,5080,754,-0.2701280771013733,60.15748031496063,-86.19801478007561,-1.6431766164319577,-88.91026847527014,-13.08100589092798
random_top100,TP5_SL3,0.15,5080,754,-0.29695929967421325,40.47244094488189,-95.18195247069958,-3.3392139336613296,-95.53906827890349,-3.15
distribution_beta,TP5_SL3,0.15,5080,754,-0.4783342043997535,34.76377952755906,-99.23373669392748,-5.621095383439771,-99.3037646423569,-3.15
setup_momentum,TP5_SL3,0.15,5080,754,-0.491748424050765,34.547244094488185,-99.2821257736499,-5.76057219129713,-99.35939842687628,-3.15
momentum_1d,TP5_SL3,0.15,5080,754,-0.5038095251002207,34.29133858267717,-99.31818389111204,-5.812986683395539,-99.38208226461286,-3.15
setup_only,TP5_SL3,0.15,5080,754,-0.5097124402053386,34.27165354330708,-99.34495797952594,-5.875987031058177,-99.41105633641365,-3.15
atr_14,TP5_SL3,0.15,5080,754,-0.60422410195586,34.27165354330708,-99.4554031325554,-6.123125017062728,-99.52453818824777,-3.15
vol_momentum,TP5_SL3,0.15,5080,754,-0.5934852995859548,32.99212598425197,-99.56371890482922,-6.411831779661471,-99.60085748746769,-3.15
random_top100,TP5_SL3,0.2,5080,754,-0.3469592996742133,40.118110236220474,-96.70084593193964,-3.780786678831792,-96.89928604433987,-3.2
distribution_beta,TP5_SL3,0.2,5080,754,-0.5283342043997535,34.704724409448815,-99.47578471290349,-6.073134295455508,-99.51940655779649,-3.2
setup_momentum,TP5_SL3,0.2,5080,754,-0.5417484240507652,34.488188976377955,-99.50890391495582,-6.217190225511027,-99.5578268601104,-3.2
momentum_1d,TP5_SL3,0.2,5080,754,-0.5538095251002206,34.19291338582677,-99.53358342501878,-6.268902576567593,-99.57349223186272,-3.2
setup_only,TP5_SL3,0.2,5080,754,-0.5597124402053386,34.19291338582677,-99.55190789521993,-6.332985003882013,-99.59350076763506,-3.2
atr_14,TP5_SL3,0.2,5080,754,-0.6542241019558599,34.074803149606296,-99.6274941051272,-6.5818678024060695,-99.67219154696836,-3.2
vol_momentum,TP5_SL3,0.2,5080,754,-0.6434852995859549,32.93307086614173,-99.70161565815789,-6.8719900639909115,-99.72538446481042,-3.2
random_top100,TP5_SL5,0.15,5080,754,-0.21113632730920956,47.381889763779526,-92.88705809616808,-2.26953044742014,-94.00532691722614,-5.15
distribution_beta,TP5_SL5,0.15,5080,754,-0.23998602376020667,47.65748031496063,-97.7592991896789,-3.2192976560469186,-97.9486689947327,-5.15
setup_only,TP5_SL5,0.15,5080,754,-0.3052552445428733,46.94881889763779,-98.3844932777087,-3.5627700304965972,-98.53008352048441,-5.15
momentum_1d,TP5_SL5,0.15,5080,754,-0.30600779170546083,46.88976377952756,-98.43022742685285,-3.5742183237048413,-98.56289463739091,-5.15
setup_momentum,TP5_SL5,0.15,5080,754,-0.31445438226249245,46.75196850393701,-98.46233159060105,-3.5910572258415927,-98.60903208401449,-5.15
vol_momentum,TP5_SL5,0.15,5080,754,-0.4514475455159284,45.43307086614173,-99.38096449256881,-4.386538566941479,-99.4360245045927,-5.15
atr_14,TP5_SL5,0.15,5080,754,-0.5444703684028046,44.68503937007874,-99.42187013408952,-4.4425028497026675,-99.47127789588399,-5.15
random_top100,TP5_SL5,0.2,5080,754,-0.26113632730920955,46.92913385826772,-95.12869020770181,-2.630092671120146,-95.7079952520139,-5.2
distribution_beta,TP5_SL5,0.2,5080,754,-0.2899860237602067,47.539370078740156,-98.46636061199807,-3.5659622239333717,-98.59322342065319,-5.2
setup_only,TP5_SL5,0.2,5080,754,-0.3552552445428733,46.8503937007874,-98.894450947849,-3.9132300444813946,-98.99211596127371,-5.2
momentum_1d,TP5_SL5,0.2,5080,754,-0.3560077917054608,46.77165354330708,-98.92576515467826,-3.923394667746221,-99.01462597209002,-5.2
setup_momentum,TP5_SL5,0.2,5080,754,-0.36445438226249244,46.653543307086615,-98.94774590579664,-3.9400444788608655,-99.04627653425668,-5.2
vol_momentum,TP5_SL5,0.2,5080,754,-0.5014475455159284,45.295275590551185,-99.5765779775058,-4.732598342466892,-99.61348432398225,-5.2
atr_14,TP5_SL5,0.2,5080,754,-0.5944703684028046,44.37007874015748,-99.6045711174965,-4.788086344745057,-99.63283972255222,-5.2
distribution_beta,TP5_only,0.15,5080,754,0.4026788613812947,58.22834645669291,207.5575621705649,1.1758112212374041,-55.512718707288265,-19.21700325632466
setup_momentum,TP5_only,0.15,5080,754,0.35475501349603455,57.7755905511811,141.5839417389331,0.9949526486953219,-58.06172444584375,-19.21700325632466
setup_only,TP5_only,0.15,5080,754,0.34326866861111777,57.874015748031496,127.46508727494911,0.9487980435266244,-59.74737477650864,-19.21700325632466
momentum_1d,TP5_only,0.15,5080,754,0.3396305549207218,57.57874015748031,115.19827504606646,0.9050814454605086,-60.13418964874072,-19.21700325632466
vol_momentum,TP5_only,0.15,5080,754,0.2333931051248742,56.87007874015748,8.891158659433994,0.38928498167341424,-80.78872900026722,-13.755366086427994
random_top100,TP5_only,0.15,5080,754,0.029769300994953368,50.925196850393704,-57.777297338774034,-0.4361159335413415,-81.94421579670579,-14.435637357114937
atr_14,TP5_only,0.15,5080,754,-0.12075407793682223,52.02755905511811,-72.58320659932484,-0.6968734878478696,-84.82958400642516,-14.865501721102353
distribution_beta,TP5_only,0.2,5080,754,0.3526788613812947,58.07086614173228,111.00979529698516,0.8920399659882984,-58.953021460452405,-19.26700325632466
setup_momentum,TP5_only,0.2,5080,754,0.3047550134960345,57.677165354330704,65.72656703896705,0.7104978752473708,-63.86007781021684,-19.26700325632466
setup_only,TP5_only,0.2,5080,754,0.29326866861111767,57.7755905511811,56.036182141354864,0.6649797604481112,-65.99310485893564,-19.26700325632466
momentum_1d,TP5_only,0.2,5080,754,0.28963055492072176,57.460629921259844,47.61654809899145,0.624077570049382,-66.43853629989049,-19.26700325632466
vol_momentum,TP5_only,0.2,5080,754,0.18339310512487422,56.732283464566926,-25.329965784515274,0.10222599978446952,-83.66983611093734,-13.805366086427995
random_top100,TP5_only,0.2,5080,754,-0.020230699005046704,50.47244094488189,-71.05912389618108,-0.754722656288,-86.46358732935371,-14.485637357114935
atr_14,TP5_only,0.2,5080,754,-0.17075407793682232,51.653543307086615,-81.21220198164426,-0.9918834796869065,-88.90335101507891,-14.915501721102354
