target,feature_set,fold,topK_pct,n_val,n_pos,n_top,top_pos,base_pct,prec_pct,lift
first15_t3,prev_daily,1,0.5,16655,572,83,15,3.434404082858001,18.072289156626507,5.262132445867385
first15_t3,prev_daily,1,1.0,16655,572,166,27,3.434404082858001,16.265060240963855,4.735919201280646
first15_t3,prev_daily,1,2.0,16655,572,333,50,3.434404082858001,15.015015015015015,4.371941871941871
first15_t3,prev_daily,1,5.0,16655,572,832,89,3.434404082858001,10.697115384615383,3.1146932994889722
first15_t3,prev_daily,2,0.5,18056,1069,90,26,5.920469649977847,28.888888888888886,4.8794927762186875
first15_t3,prev_daily,2,1.0,18056,1069,180,49,5.920469649977847,27.22222222222222,4.5979835775906865
first15_t3,prev_daily,2,2.0,18056,1069,361,81,5.920469649977847,22.437673130193904,3.7898468291747536
first15_t3,prev_daily,2,5.0,18056,1069,902,137,5.920469649977847,15.188470066518848,2.5654164220866633
first15_t3,prev_daily,3,0.5,17264,986,86,24,5.7113067655236325,27.906976744186046,4.886268220199066
first15_t3,prev_daily,3,1.0,17264,986,172,44,5.7113067655236325,25.581395348837212,4.479079201849144
first15_t3,prev_daily,3,2.0,17264,986,345,84,5.7113067655236325,24.347826086956523,4.263091983420055
first15_t3,prev_daily,3,5.0,17264,986,863,160,5.7113067655236325,18.53997682502897,3.2461882343539568
first15_t3,preopen_15m,1,0.5,16655,572,83,28,3.434404082858001,33.734939759036145,9.822647232285785
first15_t3,preopen_15m,1,1.0,16655,572,166,44,3.434404082858001,26.506024096385545,7.717794253938832
first15_t3,preopen_15m,1,2.0,16655,572,333,87,3.434404082858001,26.126126126126124,7.607178857178856
first15_t3,preopen_15m,1,5.0,16655,572,832,155,3.434404082858001,18.629807692307693,5.42446585866057
first15_t3,preopen_15m,2,0.5,18056,1069,90,37,5.920469649977847,41.11111111111111,6.943893566157364
first15_t3,preopen_15m,2,1.0,18056,1069,180,80,5.920469649977847,44.44444444444444,7.506911963413366
first15_t3,preopen_15m,2,2.0,18056,1069,361,146,5.920469649977847,40.443213296398895,6.831081939006346
first15_t3,preopen_15m,2,5.0,18056,1069,902,282,5.920469649977847,31.263858093126384,5.280638182689335
first15_t3,preopen_15m,3,0.5,17264,986,86,36,5.7113067655236325,41.86046511627907,7.3294023302986
first15_t3,preopen_15m,3,1.0,17264,986,172,74,5.7113067655236325,43.02325581395349,7.53299683947356
first15_t3,preopen_15m,3,2.0,17264,986,345,138,5.7113067655236325,40.0,7.003651115618662
first15_t3,preopen_15m,3,5.0,17264,986,863,275,5.7113067655236325,31.86558516801854,5.579386027795863
first15_t3,prev_daily+preopen_15m,1,0.5,16655,572,83,26,3.434404082858001,31.32530120481928,9.1210295728368
first15_t3,prev_daily+preopen_15m,1,1.0,16655,572,166,44,3.434404082858001,26.506024096385545,7.717794253938832
first15_t3,prev_daily+preopen_15m,1,2.0,16655,572,333,79,3.434404082858001,23.723723723723726,6.907668157668157
first15_t3,prev_daily+preopen_15m,1,5.0,16655,572,832,154,3.434404082858001,18.509615384615387,5.389469304733727
first15_t3,prev_daily+preopen_15m,2,0.5,18056,1069,90,39,5.920469649977847,43.333333333333336,7.319239164328033
first15_t3,prev_daily+preopen_15m,2,1.0,18056,1069,180,75,5.920469649977847,41.66666666666667,7.037729965700031
first15_t3,prev_daily+preopen_15m,2,2.0,18056,1069,361,142,5.920469649977847,39.335180055401665,6.643929009170556
first15_t3,prev_daily+preopen_15m,2,5.0,18056,1069,902,271,5.920469649977847,30.044345898004433,5.074655842229823
first15_t3,prev_daily+preopen_15m,3,0.5,17264,986,86,39,5.7113067655236325,45.348837209302324,7.940185857823482
first15_t3,prev_daily+preopen_15m,3,1.0,17264,986,172,69,5.7113067655236325,40.116279069767444,7.024010566536157
first15_t3,prev_daily+preopen_15m,3,2.0,17264,986,345,131,5.7113067655236325,37.971014492753625,6.648393450333657
first15_t3,prev_daily+preopen_15m,3,5.0,17264,986,863,239,5.7113067655236325,27.69409038238702,4.848993675066223
first15_t5,prev_daily,1,0.5,16655,273,83,9,1.6391474031822277,10.843373493975903,6.615252217661856
first15_t5,prev_daily,1,1.0,16655,273,166,16,1.6391474031822277,9.63855421686747,5.880224193477205
first15_t5,prev_daily,1,2.0,16655,273,333,20,1.6391474031822277,6.006006006006006,3.664103664103664
first15_t5,prev_daily,1,5.0,16655,273,832,37,1.6391474031822277,4.447115384615385,2.7130661806142573
first15_t5,prev_daily,2,0.5,18056,600,90,11,3.322995126273815,12.222222222222221,3.6780740740740736
first15_t5,prev_daily,2,1.0,18056,600,180,16,3.322995126273815,8.88888888888889,2.674962962962963
first15_t5,prev_daily,2,2.0,18056,600,361,30,3.322995126273815,8.310249307479225,2.5008310249307475
first15_t5,prev_daily,2,5.0,18056,600,902,70,3.322995126273815,7.760532150776053,2.33540280857354
first15_t5,prev_daily,3,0.5,17264,557,86,13,3.2263670064874885,15.11627906976744,4.685232349379984
first15_t5,prev_daily,3,1.0,17264,557,172,21,3.2263670064874885,12.209302325581394,3.7842261283453715
first15_t5,prev_daily,3,2.0,17264,557,345,39,3.2263670064874885,11.304347826086957,3.5037389743189444
first15_t5,prev_daily,3,5.0,17264,557,863,73,3.2263670064874885,8.458864426419467,2.621792378055757
first15_t5,preopen_15m,1,0.5,16655,273,83,13,1.6391474031822277,15.66265060240964,9.555364314400459
first15_t5,preopen_15m,1,1.0,16655,273,166,27,1.6391474031822277,16.265060240963855,9.922878326492784
first15_t5,preopen_15m,1,2.0,16655,273,333,46,1.6391474031822277,13.813813813813812,8.427438427438426
first15_t5,preopen_15m,1,5.0,16655,273,832,78,1.6391474031822277,9.375,5.719436813186813
first15_t5,preopen_15m,2,0.5,18056,600,90,27,3.322995126273815,30.0,9.027999999999999
first15_t5,preopen_15m,2,1.0,18056,600,180,52,3.322995126273815,28.888888888888886,8.693629629629628
first15_t5,preopen_15m,2,2.0,18056,600,361,89,3.322995126273815,24.653739612188367,7.419132040627885
first15_t5,preopen_15m,2,5.0,18056,600,902,169,3.322995126273815,18.736141906873613,5.638329637841832
first15_t5,preopen_15m,3,0.5,17264,557,86,23,3.2263670064874885,26.744186046511626,8.289257233518432
first15_t5,preopen_15m,3,1.0,17264,557,172,37,3.2263670064874885,21.511627906976745,6.667446035656131
first15_t5,preopen_15m,3,2.0,17264,557,345,88,3.2263670064874885,25.507246376811594,7.905872557437618
first15_t5,preopen_15m,3,5.0,17264,557,863,153,3.2263670064874885,17.72885283893395,5.494989504692203
first15_t5,prev_daily+preopen_15m,1,0.5,16655,273,83,16,1.6391474031822277,19.27710843373494,11.76044838695441
first15_t5,prev_daily+preopen_15m,1,1.0,16655,273,166,23,1.6391474031822277,13.855421686746988,8.452822278123483
first15_t5,prev_daily+preopen_15m,1,2.0,16655,273,333,36,1.6391474031822277,10.81081081081081,6.5953865953865956
first15_t5,prev_daily+preopen_15m,1,5.0,16655,273,832,64,1.6391474031822277,7.6923076923076925,4.69287123133277
first15_t5,prev_daily+preopen_15m,2,0.5,18056,600,90,28,3.322995126273815,31.11111111111111,9.36237037037037
first15_t5,prev_daily+preopen_15m,2,1.0,18056,600,180,42,3.322995126273815,23.333333333333332,7.0217777777777775
first15_t5,prev_daily+preopen_15m,2,2.0,18056,600,361,78,3.322995126273815,21.60664819944598,6.502160664819944
first15_t5,prev_daily+preopen_15m,2,5.0,18056,600,902,150,3.322995126273815,16.62971175166297,5.004434589800443
first15_t5,prev_daily+preopen_15m,3,0.5,17264,557,86,22,3.2263670064874885,25.581395348837212,7.928854745104589
first15_t5,prev_daily+preopen_15m,3,1.0,17264,557,172,42,3.2263670064874885,24.418604651162788,7.568452256690743
first15_t5,prev_daily+preopen_15m,3,2.0,17264,557,345,76,3.2263670064874885,22.028985507246375,6.827799026877943
first15_t5,prev_daily+preopen_15m,3,5.0,17264,557,863,143,3.2263670064874885,16.57010428736964,5.135839863862648
first15_t10,prev_daily,1,0.5,16655,57,83,1,0.34223956769738817,1.2048192771084338,3.520397378989643
first15_t10,prev_daily,1,1.0,16655,57,166,2,0.34223956769738817,1.2048192771084338,3.520397378989643
first15_t10,prev_daily,1,2.0,16655,57,333,3,0.34223956769738817,0.9009009009009009,2.6323692113165795
first15_t10,prev_daily,1,5.0,16655,57,832,4,0.34223956769738817,0.4807692307692308,1.4047739541160593
first15_t10,prev_daily,2,0.5,18056,222,90,3,1.2295081967213115,3.3333333333333335,2.7111111111111112
first15_t10,prev_daily,2,1.0,18056,222,180,8,1.2295081967213115,4.444444444444445,3.614814814814815
first15_t10,prev_daily,2,2.0,18056,222,361,10,1.2295081967213115,2.7700831024930745,2.253000923361034
first15_t10,prev_daily,2,5.0,18056,222,902,17,1.2295081967213115,1.8847006651884701,1.532889874353289
first15_t10,prev_daily,3,0.5,17264,189,86,1,1.0947636700648748,1.1627906976744187,1.0621385505106435
first15_t10,prev_daily,3,1.0,17264,189,172,3,1.0947636700648748,1.744186046511628,1.5932078257659652
first15_t10,prev_daily,3,2.0,17264,189,345,4,1.0947636700648748,1.1594202898550725,1.0590598880453952
first15_t10,prev_daily,3,5.0,17264,189,863,11,1.0947636700648748,1.2746234067207416,1.164290925588724
first15_t10,preopen_15m,1,0.5,16655,57,83,4,0.34223956769738817,4.819277108433735,14.081589515958571
first15_t10,preopen_15m,1,1.0,16655,57,166,4,0.34223956769738817,2.4096385542168677,7.040794757979286
first15_t10,preopen_15m,1,2.0,16655,57,333,7,0.34223956769738817,2.1021021021021022,6.142194826405353
first15_t10,preopen_15m,1,5.0,16655,57,832,16,0.34223956769738817,1.9230769230769231,5.619095816464237
first15_t10,preopen_15m,2,0.5,18056,222,90,9,1.2295081967213115,10.0,8.133333333333335
first15_t10,preopen_15m,2,1.0,18056,222,180,17,1.2295081967213115,9.444444444444445,7.681481481481481
first15_t10,preopen_15m,2,2.0,18056,222,361,23,1.2295081967213115,6.3711911357340725,5.181902123730379
first15_t10,preopen_15m,2,5.0,18056,222,902,35,1.2295081967213115,3.8802660753880267,3.1559497413155952
first15_t10,preopen_15m,3,0.5,17264,189,86,2,1.0947636700648748,2.3255813953488373,2.124277101021287
first15_t10,preopen_15m,3,1.0,17264,189,172,9,1.0947636700648748,5.232558139534884,4.779623477297896
first15_t10,preopen_15m,3,2.0,17264,189,345,17,1.0947636700648748,4.9275362318840585,4.50100452419293
first15_t10,preopen_15m,3,5.0,17264,189,863,34,1.0947636700648748,3.9397450753186556,3.5987174063651466
first15_t10,prev_daily+preopen_15m,1,0.5,16655,57,83,0,0.34223956769738817,0.0,0.0
first15_t10,prev_daily+preopen_15m,1,1.0,16655,57,166,2,0.34223956769738817,1.2048192771084338,3.520397378989643
first15_t10,prev_daily+preopen_15m,1,2.0,16655,57,333,4,0.34223956769738817,1.2012012012012012,3.509825615088773
first15_t10,prev_daily+preopen_15m,1,5.0,16655,57,832,9,0.34223956769738817,1.0817307692307692,3.1607413967611335
first15_t10,prev_daily+preopen_15m,2,0.5,18056,222,90,5,1.2295081967213115,5.555555555555555,4.518518518518518
first15_t10,prev_daily+preopen_15m,2,1.0,18056,222,180,12,1.2295081967213115,6.666666666666667,5.4222222222222225
first15_t10,prev_daily+preopen_15m,2,2.0,18056,222,361,20,1.2295081967213115,5.540166204986149,4.506001846722068
first15_t10,prev_daily+preopen_15m,2,5.0,18056,222,902,32,1.2295081967213115,3.5476718403547673,2.885439763488544
first15_t10,prev_daily+preopen_15m,3,0.5,17264,189,86,4,1.0947636700648748,4.651162790697675,4.248554202042574
first15_t10,prev_daily+preopen_15m,3,1.0,17264,189,172,4,1.0947636700648748,2.3255813953488373,2.124277101021287
first15_t10,prev_daily+preopen_15m,3,2.0,17264,189,345,10,1.0947636700648748,2.898550724637681,2.6476497201134883
first15_t10,prev_daily+preopen_15m,3,5.0,17264,189,863,25,1.0947636700648748,2.8968713789107765,2.646115739974373
first15_t20,prev_daily,1,0.5,16655,8,83,0,0.048033623536475535,0.0,0.0
first15_t20,prev_daily,1,1.0,16655,8,166,0,0.048033623536475535,0.0,0.0
first15_t20,prev_daily,1,2.0,16655,8,333,0,0.048033623536475535,0.0,0.0
first15_t20,prev_daily,1,5.0,16655,8,832,2,0.048033623536475535,0.2403846153846154,5.004507211538462
first15_t20,prev_daily,2,0.5,18056,52,90,0,0.28799291094373064,0.0,0.0
first15_t20,prev_daily,2,1.0,18056,52,180,0,0.28799291094373064,0.0,0.0
first15_t20,prev_daily,2,2.0,18056,52,361,0,0.28799291094373064,0.0,0.0
first15_t20,prev_daily,2,5.0,18056,52,902,3,0.28799291094373064,0.3325942350332594,1.1548695207231792
first15_t20,prev_daily,3,0.5,17264,46,86,0,0.26645041705282674,0.0,0.0
first15_t20,prev_daily,3,1.0,17264,46,172,0,0.26645041705282674,0.0,0.0
first15_t20,prev_daily,3,2.0,17264,46,345,2,0.26645041705282674,0.5797101449275363,2.175677378701953
first15_t20,prev_daily,3,5.0,17264,46,863,5,0.26645041705282674,0.5793742757821553,2.174416847196332
first15_t20,preopen_15m,1,0.5,16655,8,83,1,0.048033623536475535,1.2048192771084338,25.082831325301207
first15_t20,preopen_15m,1,1.0,16655,8,166,1,0.048033623536475535,0.6024096385542169,12.541415662650603
first15_t20,preopen_15m,1,2.0,16655,8,333,2,0.048033623536475535,0.6006006006006006,12.503753753753752
first15_t20,preopen_15m,1,5.0,16655,8,832,3,0.048033623536475535,0.3605769230769231,7.5067608173076925
first15_t20,preopen_15m,2,0.5,18056,52,90,2,0.28799291094373064,2.2222222222222223,7.716239316239316
first15_t20,preopen_15m,2,1.0,18056,52,180,2,0.28799291094373064,1.1111111111111112,3.858119658119658
first15_t20,preopen_15m,2,2.0,18056,52,361,2,0.28799291094373064,0.554016620498615,1.9237161730236523
first15_t20,preopen_15m,2,5.0,18056,52,902,6,0.28799291094373064,0.6651884700665188,2.3097390414463583
first15_t20,preopen_15m,3,0.5,17264,46,86,0,0.26645041705282674,0.0,0.0
first15_t20,preopen_15m,3,1.0,17264,46,172,3,0.26645041705282674,1.744186046511628,6.5460060667340745
first15_t20,preopen_15m,3,2.0,17264,46,345,4,0.26645041705282674,1.1594202898550725,4.351354757403906
first15_t20,preopen_15m,3,5.0,17264,46,863,8,0.26645041705282674,0.9269988412514484,3.4790669555141314
first15_t20,prev_daily+preopen_15m,1,0.5,16655,8,83,1,0.048033623536475535,1.2048192771084338,25.082831325301207
first15_t20,prev_daily+preopen_15m,1,1.0,16655,8,166,1,0.048033623536475535,0.6024096385542169,12.541415662650603
first15_t20,prev_daily+preopen_15m,1,2.0,16655,8,333,1,0.048033623536475535,0.3003003003003003,6.251876876876876
first15_t20,prev_daily+preopen_15m,1,5.0,16655,8,832,2,0.048033623536475535,0.2403846153846154,5.004507211538462
first15_t20,prev_daily+preopen_15m,2,0.5,18056,52,90,0,0.28799291094373064,0.0,0.0
first15_t20,prev_daily+preopen_15m,2,1.0,18056,52,180,1,0.28799291094373064,0.5555555555555556,1.929059829059829
first15_t20,prev_daily+preopen_15m,2,2.0,18056,52,361,2,0.28799291094373064,0.554016620498615,1.9237161730236523
first15_t20,prev_daily+preopen_15m,2,5.0,18056,52,902,4,0.28799291094373064,0.4434589800443459,1.5398260276309057
first15_t20,prev_daily+preopen_15m,3,0.5,17264,46,86,0,0.26645041705282674,0.0,0.0
first15_t20,prev_daily+preopen_15m,3,1.0,17264,46,172,1,0.26645041705282674,0.5813953488372093,2.182002022244691
first15_t20,prev_daily+preopen_15m,3,2.0,17264,46,345,6,0.26645041705282674,1.7391304347826086,6.52703213610586
first15_t20,prev_daily+preopen_15m,3,5.0,17264,46,863,9,0.26645041705282674,1.0428736964078795,3.913950324953398
