K,hard_sl,tp,trail,n,p_loss_lt_5,cvar95,worst,mdd,pct_stopped_sl,pct_trail,pct_tp,pct_eod,net_mean,cum,hit,sortino,median,avg_loss,pct_loss,h_lt_-10,h_-10_to_-5,h_-5_to_0,h_0_to_+5,h_gt_+5
3,0.03,none,none,3531,0.0,-0.031499999999999986,-0.0315,-0.9921592238745277,0.8416879071084679,0.0,0.0,0.15831209289153214,-0.011431945871844781,-0.9920500013764835,0.1447182101387709,-7.546916798309668,-0.0315,-0.031173896868172263,0.8552817898612292,0.0,0.0,0.8552817898612292,0.06287170773152082,0.08184650240725007
3,0.03,none,0.05,3531,0.0,-0.031499999999999986,-0.0315,-0.9814340012704486,0.5525346927216086,0.421976777116964,0.0,0.025488530161427356,-0.009501012169209597,-0.9800559281671476,0.25715094873973376,-7.452916892346171,-0.0315,-0.026755587011364945,0.7428490512602662,0.0,0.0,0.7428490512602662,0.1883319173038799,0.06881903143585387
3,0.03,none,0.08,3531,0.0,-0.031499999999999986,-0.0315,-0.9915477295508035,0.719626168224299,0.2141036533559898,0.0,0.06627017841971113,-0.011534443564689715,-0.9915474306904377,0.1903143585386576,-8.120578927918354,-0.0315,-0.029467987773297215,0.8096856414613424,0.0,0.0,0.8096856414613424,0.10478617955253469,0.08552817898612292
3,0.03,0.05,none,3531,0.0,-0.031499999999999986,-0.0315,-0.8855716319964176,0.6553384310393656,0.0,0.3242707448314925,0.020390824129141887,-0.0049415676141761474,-0.8738678907293653,0.33446615689606346,-3.6967301387575744,-0.0315,-0.03119980949602329,0.6655338431039366,0.0,0.0,0.6655338431039366,0.33446615689606346,0.0
3,0.03,0.05,0.05,3531,0.0,-0.031499999999999986,-0.0315,-0.9732932020546954,0.551685075049561,0.3177570093457944,0.1178136505239309,0.012744265080713678,-0.008655903997176853,-0.9714947705040623,0.2696120079297649,-6.795200750396278,-0.0315,-0.027142012366798515,0.7303879920702351,0.0,0.0,0.7303879920702351,0.2398753894080997,0.029736618521665252
3,0.03,0.05,0.08,3531,0.0,-0.031499999999999986,-0.0315,-0.9350550873558857,0.6553384310393656,0.0736335315774568,0.2506372132540357,0.020390824129141887,-0.006388428485898215,-0.9295916071098154,0.3072783913905409,-4.76581627703406,-0.0315,-0.03031714877037827,0.6927216086094591,0.0,0.0,0.6927216086094591,0.2945341263098272,0.012744265080713678
3,0.03,0.08,none,3531,0.0,-0.031499999999999986,-0.0315,-0.9567227739885076,0.756159728122345,0.0,0.20305862361937127,0.04078164825828377,-0.007381024671930093,-0.9543062843238658,0.23109600679694137,-5.140038706450776,-0.0315,-0.031170411985959573,0.7689039932030586,0.0,0.0,0.7689039932030586,0.0237892948173322,0.20730671197960918
3,0.03,0.08,0.05,3531,0.0,-0.031499999999999986,-0.0315,-0.9798952807595795,0.5525346927216086,0.37779665817048996,0.05097706032285471,0.018691588785046728,-0.009302358478543923,-0.9783348409326323,0.25715094873973376,-7.297086184994043,-0.0315,-0.026755587011364945,0.7428490512602662,0.0,0.0,0.7428490512602662,0.17048994619088076,0.08666100254885302
3,0.03,0.08,0.08,3531,0.0,-0.031499999999999986,-0.0315,-0.9861414195661249,0.7145284621920136,0.12121212121212122,0.12857547436986688,0.0356839422259983,-0.010336875607380577,-0.9857898436604444,0.20475785896346643,-7.303595963550724,-0.0315,-0.029752718911151332,0.7952421410365336,0.0,0.0,0.7952421410365336,0.05749079580855282,0.1472670631549136
3,0.03,0.1,none,3531,0.0,-0.031499999999999986,-0.0315,-0.9738917502007618,0.7892948173322005,0.0,0.1503823279524214,0.06032285471537808,-0.008680348040662025,-0.9728514501285569,0.1979609175870858,-5.917012615757715,-0.0315,-0.031184028439929463,0.8020390824129142,0.0,0.0,0.8020390824129142,0.0356839422259983,0.1622769753610875
3,0.03,0.1,0.05,3531,0.0,-0.031499999999999986,-0.0315,-0.98087462759217,0.5525346927216086,0.3939393939393939,0.03058623619371283,0.022939677145284623,-0.009391157973339857,-0.9791314654145299,0.25715094873973376,-7.366743527076101,-0.0315,-0.026755587011364945,0.7428490512602662,0.0,0.0,0.7428490512602662,0.1849334466156896,0.07221750212404418
3,0.03,0.1,0.08,3531,0.0,-0.031499999999999986,-0.0315,-0.9907948681431292,0.7187765505522515,0.1500991220617389,0.08269612007929765,0.048428207306711976,-0.011332160991095257,-0.9904416291240504,0.1911639762107052,-7.982736854291484,-0.0315,-0.029465853306672528,0.8088360237892949,0.0,0.0,0.8088360237892949,0.07873123760974228,0.1124327386009629
3,none,none,0.05,3531,0.06796941376380629,-0.05150000000000007,-0.05150000000000016,-0.9298924275961223,0.0,0.9609175870858114,0.0,0.03908241291418862,-0.006033733341182481,-0.9238618062943736,0.3333333333333333,-4.3084839797739,-0.015095263724434758,-0.028744469305146656,0.6666666666666666,0.0,0.06796941376380629,0.5986972529028604,0.2509204191447182,0.08241291418861513
3,none,0.05,0.05,3531,0.06796941376380629,-0.05150000000000007,-0.05150000000000016,-0.8909924725382894,0.0,0.838006230529595,0.1373548569810252,0.02463891248937978,-0.004990967425288787,-0.8823798109294712,0.3466440101954121,-3.56408030208902,-0.015095263724434758,-0.02928607902768241,0.653355989804588,0.0,0.06796941376380629,0.5853865760407817,0.308411214953271,0.038232795242141036
3,none,0.08,0.05,3531,0.06796941376380629,-0.05150000000000007,-0.05150000000000016,-0.9240396923569634,0.0,0.9107901444350043,0.05777400169923534,0.03143585386576041,-0.005831006286294551,-0.9172452918609826,0.3333333333333333,-4.163723477633411,-0.015095263724434758,-0.028744469305146656,0.6666666666666666,0.0,0.06796941376380629,0.5986972529028604,0.2313792126876239,0.10195412064570943
3,none,0.1,0.05,3531,0.06796941376380629,-0.05150000000000007,-0.05150000000000016,-0.9274996450387331,0.0,0.929481733220051,0.034834324553950725,0.0356839422259983,-0.005912015221213631,-0.9200231466880382,0.3333333333333333,-4.221569205739287,-0.015095263724434758,-0.028744469305146656,0.6666666666666666,0.0,0.06796941376380629,0.5986972529028604,0.2475219484565279,0.08581138487680544
3,0.08,none,0.05,3531,0.08694420843953554,-0.06641525423728818,-0.0815,-0.9586220195881814,0.024922118380062305,0.9359954687057491,0.0,0.03908241291418862,-0.007327532189994998,-0.9550627046448921,0.32993486264514305,-4.812354695366264,-0.016177103718199637,-0.030431080640356666,0.670065137354857,0.0,0.08694420843953554,0.5831209289153214,0.2475219484565279,0.08241291418861513
3,0.08,0.05,0.05,3531,0.08694420843953554,-0.06641525423728818,-0.0815,-0.9357123845121733,0.024922118380062305,0.8130841121495327,0.1373548569810252,0.02463891248937978,-0.006284766274101303,-0.9306330336569862,0.34324553950722175,-4.127714443984035,-0.016177103718199637,-0.03100407087866837,0.6567544604927783,0.0,0.08694420843953554,0.5698102520532428,0.30501274426508074,0.038232795242141036
3,0.08,0.08,0.05,3531,0.08694420843953554,-0.06641525423728818,-0.0815,-0.9552098251523047,0.024922118380062305,0.885868026054942,0.05777400169923534,0.03143585386576041,-0.007124805135107066,-0.9512034908489951,0.32993486264514305,-4.679213759349663,-0.016177103718199637,-0.030431080640356666,0.670065137354857,0.0,0.08694420843953554,0.5831209289153214,0.22798074199943358,0.10195412064570943
3,0.08,0.1,0.05,3531,0.08694420843953554,-0.06641525423728818,-0.0815,-0.9572465308125411,0.024922118380062305,0.9045596148399887,0.034834324553950725,0.0356839422259983,-0.007205814070026148,-0.9528376387176363,0.32993486264514305,-4.732416354468488,-0.016177103718199637,-0.030431080640356666,0.670065137354857,0.0,0.08694420843953554,0.5831209289153214,0.2441234777683376,0.08581138487680544
3,0.05,none,0.05,3531,0.2075899178702917,-0.051500000000000004,-0.051500000000000004,-0.9843116903239857,0.2075899178702917,0.7533276692155196,0.0,0.03908241291418862,-0.009809827032511723,-0.9829621891035532,0.30982724440668363,-6.221123131854219,-0.01859006928406476,-0.03192037937105749,0.6901727555933164,0.0,0.2075899178702917,0.4825828377230246,0.23251203625035402,0.07731520815632965
3,0.05,0.05,0.05,3531,0.2075899178702917,-0.051500000000000004,-0.051500000000000004,-0.9756075156455158,0.2075899178702917,0.6304163126593033,0.1373548569810252,0.02463891248937978,-0.008767061116618027,-0.9736802706337678,0.3231379212687624,-5.560075735491427,-0.01859006928406476,-0.0325056351882072,0.6768620787312376,0.0,0.2075899178702917,0.4692721608609459,0.2900028320589068,0.03313508920985556
3,0.05,0.08,0.05,3531,0.2075899178702917,-0.051500000000000004,-0.051500000000000004,-0.9830040521698961,0.2075899178702917,0.7032002265647126,0.05777400169923534,0.03143585386576041,-0.009607099977623794,-0.9814838203547592,0.30982724440668363,-6.092559196278581,-0.01859006928406476,-0.03192037937105749,0.6901727555933164,0.0,0.2075899178702917,0.4825828377230246,0.2129708297932597,0.09685641461342395
3,0.05,0.1,0.05,3531,0.2075899178702917,-0.051500000000000004,-0.051500000000000004,-0.9837749243944353,0.2075899178702917,0.7218918153497593,0.034834324553950725,0.0356839422259983,-0.009688108912542872,-0.9821017360208099,0.30982724440668363,-6.143932839997446,-0.01859006928406476,-0.03192037937105749,0.6901727555933164,0.0,0.2075899178702917,0.4825828377230246,0.2291135655621637,0.08071367884451996
3,none,0.05,none,3531,0.2585669781931464,-0.1913952199272818,-0.4055697674418605,-0.8459841783795692,0.0,0.0,0.5573491928632116,0.44265080713678845,-0.0029752370949483312,-0.7746955258669234,0.6037949589351459,-0.9350464886050983,0.0485,-0.0774335521593339,0.39620504106485416,0.1016709147550269,0.15689606343811952,0.13763806287170774,0.6037949589351459,0.0
3,none,none,0.08,3531,0.29283489096573206,-0.08058537481385357,-0.08150000000000007,-0.9950536223586395,0.0,0.8122344944774851,0.0,0.18776550552251486,-0.01251342770596842,-0.9949125793931674,0.30303030303030304,-5.830507210920841,-0.025779946164199263,-0.04310802544478181,0.696969696969697,0.0,0.29283489096573206,0.4041348060039649,0.1804021523647692,0.12262815066553384
3,none,0.05,0.08,3531,0.29283489096573206,-0.08058537481385357,-0.08150000000000007,-0.930889230261483,0.0,0.5312942509204192,0.35400736335315774,0.11469838572642312,-0.005759873260484198,-0.9149474312309549,0.4539790427640895,-2.749556844393555,-0.011277015437392733,-0.049266915519676414,0.5460209572359105,0.0,0.29283489096573206,0.2531860662701784,0.43188898329085246,0.022090059473237042
3,none,0.08,0.08,3531,0.29283489096573206,-0.08058537481385357,-0.08150000000000007,-0.9877825738182566,0.0,0.6720475785896347,0.18436703483432457,0.14358538657604078,-0.010204072069833104,-0.9868269680924131,0.3200226564712546,-4.7550318048772855,-0.025779946164199263,-0.04407866599780101,0.6799773435287454,0.0,0.29283489096573206,0.38714245256301333,0.10421976777116965,0.21580288870008496
3,none,0.1,0.08,3531,0.29283489096573206,-0.08058537481385357,-0.08150000000000007,-0.9932179638200287,0.0,0.7247238742565846,0.11639762107051826,0.1588785046728972,-0.011707720377347021,-0.9927571584441844,0.30303030303030304,-5.4550958927911,-0.025779946164199263,-0.04310802544478181,0.696969696969697,0.0,0.29283489096573206,0.4041348060039649,0.13990370999716795,0.1631265930331351
3,0.08,0.05,0.08,3531,0.30359671481166806,-0.0815,-0.0815,-0.9542261621877606,0.09629000283205891,0.43500424808836025,0.35400736335315774,0.11469838572642312,-0.006775477619780715,-0.9438621256633153,0.4531294250920419,-3.1100841827792087,-0.011706896551724131,-0.0510366176897501,0.5468705749079581,0.0,0.30359671481166806,0.24327386009629,0.43103936561880485,0.022090059473237042
3,0.08,0.08,0.08,3531,0.3052959501557632,-0.0815,-0.0815,-0.9922976009661085,0.09798923817615407,0.5740583404134806,0.18436703483432457,0.14358538657604078,-0.01133317199255843,-0.9916951453825816,0.319173038799207,-5.0720265056436,-0.026457264957265025,-0.04567334672718747,0.680826961200793,0.0,0.3052959501557632,0.37553101104502973,0.10337015009912207,0.21580288870008496
3,0.08,none,0.08,3531,0.3069951854998584,-0.0815,-0.0815,-0.9970600374431702,0.09968847352024922,0.712546020957236,0.0,0.18776550552251486,-0.013784454979116735,-0.9969762061897849,0.3013310676862079,-6.1494127080411864,-0.02659870276367743,-0.04480633726207713,0.6986689323137921,0.0,0.3069951854998584,0.39167374681393374,0.17870291702067403,0.12262815066553384
3,0.08,0.1,0.08,3531,0.3069951854998584,-0.0815,-0.0815,-0.9959638121040076,0.09968847352024922,0.6250354007363353,0.11639762107051826,0.1588785046728972,-0.012978747650495333,-0.9956895733605041,0.3013310676862079,-5.789976887539573,-0.02659870276367743,-0.04480633726207713,0.6986689323137921,0.0,0.3069951854998584,0.39167374681393374,0.13820447465307278,0.1631265930331351
3,0.08,0.05,none,3531,0.31407533276692157,-0.0815,-0.0815,-0.6969902959211797,0.2715944491645426,0.0,0.529028603794959,0.19937694704049844,-0.0013689322326853142,-0.509999827889519,0.5712262815066553,-0.5753634831769503,0.0485,-0.06444730181117142,0.42877371849334467,0.0,0.31407533276692157,0.11469838572642312,0.5712262815066553,0.0
3,none,0.08,none,3531,0.3409798923817615,-0.20852234512261758,-0.4055697674418605,-0.9912201253797259,0.0,0.0,0.36816765788728406,0.631832342112716,-0.009636053494070146,-0.9890596839734268,0.47380345511186633,-2.6326255963551777,-0.007972491909385147,-0.07742367400125798,0.5261965448881337,0.13905409232512037,0.20192580005664118,0.18521665250637212,0.09798923817615407,0.37581421693571226
3,none,0.1,none,3531,0.3664684225431889,-0.2126349867741737,-0.4055697674418605,-0.9971680572172658,0.0,0.0,0.2849051260266214,0.7150948739733787,-0.012413725088012747,-0.9966722300386432,0.43047295383743983,-3.2601013124806606,-0.021128647214854135,-0.07754605953298274,0.5695270461625602,0.15179835740583403,0.21467006513735487,0.20305862361937127,0.12602662135372417,0.30444633248371566
3,0.08,0.08,none,3531,0.40498442367601245,-0.0815,-0.0815,-0.9638990422805355,0.3548569810252053,0.0,0.3472104219767771,0.29793259699801755,-0.006799280086051352,-0.9531038883646665,0.43953554233928066,-2.5065664869626967,-0.0188913043478261,-0.06414008760157427,0.5604644576607194,0.0,0.40498442367601245,0.1554800339847069,0.08637779665817048,0.3531577456811102
3,none,none,none,3531,0.41461342395921835,-0.2265458021854529,-0.46698672566371685,-0.9999362607454787,0.0,0.0,0.0,1.0,-0.021276314166086836,-0.999929134834439,0.3491928632115548,-5.131701657628953,-0.035184926845865994,-0.07795014496109258,0.6508071367884452,0.17473803455111867,0.2398753894080997,0.23619371282922685,0.18974794675729256,0.15944491645426226
3,0.08,0.1,none,3531,0.4372698952138204,-0.0815,-0.0815,-0.9872057244723552,0.383743981874823,0.0,0.2639478901161144,0.3523081280090626,-0.009566108060463657,-0.984965654660187,0.3936561880487114,-3.392352989150668,-0.03361198023878137,-0.06413928756517018,0.6063438119512886,0.0,0.4372698952138204,0.16907391673746813,0.11186632681959785,0.2817898612291136
3,0.05,0.05,0.08,3531,0.4505805720758992,-0.051500000000000004,-0.051500000000000004,-0.9674123604533773,0.44718210138770886,0.17162276975361088,0.3251203625035401,0.056074766355140186,-0.007877405624584551,-0.9640800494002624,0.4047012177853299,-4.136544481568047,-0.03676742301458674,-0.045241939792499034,0.59529878221467,0.0,0.4505805720758992,0.1447182101387709,0.38770886434437835,0.016992353440951572
3,0.05,0.08,0.08,3531,0.45992636646842255,-0.051500000000000004,-0.051500000000000004,-0.9950577878855917,0.45652789578023223,0.2945341263098272,0.16567544604927784,0.08326253186066271,-0.01257999497540426,-0.9946712247810059,0.27839139054092327,-6.384554024618279,-0.038487012987013014,-0.04169363456146698,0.7216086094590768,0.0,0.45992636646842255,0.2616822429906542,0.08722741433021806,0.1911639762107052
3,0.05,none,0.08,3531,0.46247521948456527,-0.051500000000000004,-0.051500000000000004,-0.9975890090124542,0.45907674879637494,0.4185783064287737,0.0,0.12234494477485132,-0.014403431002876305,-0.997520261063295,0.2605494194279241,-7.291672862161726,-0.03885226560868654,-0.04095533583353382,0.7394505805720759,0.0,0.46247521948456527,0.27697536108751064,0.1523647691871991,0.108184650240725
3,0.05,0.1,0.08,3531,0.46247521948456527,-0.051500000000000004,-0.051500000000000004,-0.9972189550023536,0.45907674879637494,0.3395638629283489,0.10535259133389975,0.09600679694137638,-0.01405416177232205,-0.9970299969296785,0.2605494194279241,-7.114856868145302,-0.03885226560868654,-0.04095533583353382,0.7394505805720759,0.0,0.46247521948456527,0.27697536108751064,0.11696403285188332,0.14358538657604078
3,0.05,0.05,none,3531,0.49164542622486546,-0.051500000000000004,-0.051500000000000004,-0.874301502190757,0.49164542622486546,0.0,0.4412347776833758,0.06711979609175871,-0.004390968840517074,-0.8582835789660351,0.46417445482866043,-2.306366992240166,-0.02855836876691148,-0.04871497514047503,0.5358255451713395,0.0,0.49164542622486546,0.044180118946474084,0.46417445482866043,0.0
3,0.08,none,none,3531,0.49815916171056357,-0.0815,-0.0815,-0.9995411313528237,0.4420843953554234,0.0,0.0,0.5579156046445766,-0.01742798192702419,-0.9994727298829132,0.3123760974228264,-5.785111374482097,-0.04929541446208113,-0.06432416104593398,0.6876239025771737,0.0,0.49815916171056357,0.18946474086661003,0.16709147550269046,0.14528462192013594
3,0.05,0.08,none,3531,0.5924667233078448,-0.051500000000000004,-0.051500000000000004,-0.9704489162730192,0.5924667233078448,0.0,0.2843387142452563,0.1231945624468989,-0.007840922192446167,-0.9664117947360659,0.34636080430472954,-3.74680120534994,-0.051500000000000004,-0.0483227036090345,0.6536391956952705,0.0,0.5924667233078448,0.06117247238742566,0.056074766355140186,0.29028603794958935
3,0.05,0.1,none,3531,0.6332483715661286,-0.051500000000000004,-0.051500000000000004,-0.9885194385951834,0.6332483715661286,0.0,0.21467006513735487,0.15208156329651656,-0.010217754861670519,-0.9870665618649009,0.30048145001416027,-4.722650358073856,-0.051500000000000004,-0.04828285972438134,0.6995185499858397,0.0,0.6332483715661286,0.06627017841971113,0.07221750212404418,0.22826394789011611
3,0.05,none,none,3531,0.7000849617672048,-0.051500000000000004,-0.051500000000000004,-0.9984713792348249,0.7000849617672048,0.0,0.0,0.29991503823279525,-0.014856343175049573,-0.9983286214787922,0.23024638912489379,-6.532766290217834,-0.051500000000000004,-0.04843701775031442,0.7697536108751062,0.0,0.7000849617672048,0.06966864910790145,0.11129991503823279,0.11894647408666101
5,0.03,none,none,5885,0.0,-0.03149999999999999,-0.0315,-0.9813297485494064,0.8086661002548853,0.0,0.0,0.1913338997451147,-0.009637382763057735,-0.98137256904805,0.16890399320305863,-6.488005307466656,-0.0315,-0.030899719710789898,0.8310960067969414,0.0,0.0,0.8310960067969414,0.07646559048428207,0.09243840271877656
5,0.03,none,0.05,5885,0.0,-0.03149999999999999,-0.0315,-0.9698741627300506,0.5359388275276126,0.4278674596431606,0.0,0.03619371282922685,-0.008577835056186488,-0.9693600945029098,0.264910790144435,-6.803272967232062,-0.0315,-0.02657830866977183,0.735089209855565,0.0,0.0,0.735089209855565,0.19150382327952423,0.07340696686491079
5,0.03,none,0.08,5885,0.0,-0.03149999999999999,-0.0315,-0.9868338157178673,0.6988954970263381,0.2062871707731521,0.0,0.09481733220050977,-0.01063368182914252,-0.9868697925465963,0.20713678844519967,-7.6036587846291335,-0.0315,-0.029209484375820032,0.7928632115548003,0.0,0.0,0.7928632115548003,0.11622769753610875,0.09090909090909091
5,0.03,0.05,none,5885,0.0,-0.03149999999999999,-0.0315,-0.8425279241075059,0.6429906542056075,0.0,0.3264231096006797,0.03058623619371283,-0.004360390368055065,-0.8335665081125311,0.34222599830076467,-3.2919239700925957,-0.0315,-0.03103243144871514,0.6577740016992354,0.0,0.0,0.6577740016992354,0.34222599830076467,0.0
5,0.03,0.05,0.05,5885,0.0,-0.03149999999999999,-0.0315,-0.9577013037914583,0.5344095157179269,0.3143585386576041,0.1308411214953271,0.020390824129141887,-0.007746358488560722,-0.9566963092024212,0.27952421410365336,-6.1522757341718854,-0.0315,-0.02701177798840256,0.7204757858963466,0.0,0.0,0.7204757858963466,0.2509770603228547,0.02854715378079864
5,0.03,0.05,0.08,5885,0.0,-0.03149999999999999,-0.0315,-0.9146996139012509,0.6429906542056075,0.07374681393372982,0.2526762956669499,0.03058623619371283,-0.005920616870066161,-0.9107500901165583,0.31401869158878504,-4.457473172047907,-0.0315,-0.03011554062940644,0.685981308411215,0.0,0.0,0.685981308411215,0.2994052676295667,0.014613423959218351
5,0.03,0.08,none,5885,0.0,-0.03149999999999999,-0.0315,-0.9065011068873031,0.7288020390824129,0.0,0.20900594732370434,0.06219201359388275,-0.005720374483213614,-0.9056339225761811,0.2513169073916737,-4.05590973786658,-0.0315,-0.030929296694225023,0.7486830926083262,0.0,0.0,0.7486830926083262,0.03721325403568394,0.2141036533559898
5,0.03,0.08,0.05,5885,0.0,-0.03149999999999999,-0.0315,-0.9654066082913301,0.535429056924384,0.3753610875106202,0.06117247238742566,0.028037383177570093,-0.008232265229609025,-0.9648117428522291,0.26542056074766357,-6.532041521957349,-0.0315,-0.026574893200424,0.7345794392523365,0.0,0.0,0.7345794392523365,0.17009345794392525,0.09532710280373832
5,0.03,0.08,0.08,5885,0.0,-0.03149999999999999,-0.0315,-0.9732198415979552,0.6937977909940527,0.11401869158878504,0.13559898045879354,0.056584536958368736,-0.008911635266025104,-0.9732930188489733,0.22344944774851316,-6.39611025101302,-0.0315,-0.029556282076800156,0.7765505522514868,0.0,0.0,0.7765505522514868,0.06711979609175871,0.15632965165675447
5,0.03,0.1,none,5885,0.0,-0.03149999999999999,-0.0315,-0.9410186661795705,0.7598980458793543,0.0,0.15497026338147835,0.08513169073916738,-0.006901720469825632,-0.9408877746975199,0.21920135938827529,-4.792731239133038,-0.0315,-0.03091359765718291,0.7807986406117248,0.0,0.0,0.7807986406117248,0.05097706032285471,0.16822429906542055
5,0.03,0.1,0.05,5885,0.0,-0.03149999999999999,-0.0315,-0.9679209169151547,0.5359388275276126,0.39524214103653355,0.03619371282922685,0.03262531860662702,-0.008392888360343334,-0.9670177901378327,0.264910790144435,-6.656587603388286,-0.0315,-0.02657830866977183,0.735089209855565,0.0,0.0,0.735089209855565,0.18742565845369583,0.07748513169073917
5,0.03,0.1,0.08,5885,0.0,-0.03149999999999999,-0.0315,-0.9819369880227401,0.697875955819881,0.14239592183517416,0.08836023789294817,0.0713678844519966,-0.009881629257082802,-0.981916070666929,0.20815632965165676,-7.070912431006683,-0.0315,-0.02920653521407216,0.7918436703483432,0.0,0.0,0.7918436703483432,0.08734069668649108,0.12081563296516568
5,none,none,0.05,5885,0.0723874256584537,-0.05150000000000006,-0.05150000000000016,-0.9187503395960133,0.0,0.9449447748513169,0.0,0.05505522514868309,-0.0059905441621529686,-0.9164079978511211,0.3288020390824129,-4.268393004593353,-0.015240458015267242,-0.028671223471975964,0.6711979609175871,0.0,0.0723874256584537,0.5988105352591334,0.24316057774001698,0.08564146134239592
5,none,0.05,0.05,5885,0.0723874256584537,-0.05150000000000006,-0.05150000000000016,-0.8787856158510118,0.0,0.8125743415463041,0.15072217502124044,0.03670348343245539,-0.004999190202980031,-0.8742483684818984,0.34443500424808837,-3.5622816301510936,-0.015240458015267242,-0.02930141855661049,0.6555649957519116,0.0,0.0723874256584537,0.5831775700934579,0.3087510620220901,0.0356839422259983
5,none,0.08,0.05,5885,0.0723874256584537,-0.05150000000000006,-0.05150000000000016,-0.9068331895771258,0.0,0.8853016142735769,0.06881903143585387,0.045879354290569246,-0.0056374699346464574,-0.9039605168790831,0.3288020390824129,-4.016819938441484,-0.015240458015267242,-0.028671223471975964,0.6711979609175871,0.0,0.0723874256584537,0.5988105352591334,0.21869158878504674,0.11011045029736619
5,none,0.1,0.05,5885,0.0723874256584537,-0.05150000000000006,-0.05150000000000016,-0.9116493333120443,0.0,0.9082412914188616,0.04078164825828377,0.05097706032285471,-0.005752727624740251,-0.9082183360993703,0.3288020390824129,-4.098943549386559,-0.015240458015267242,-0.028671223471975964,0.6711979609175871,0.0,0.0723874256584537,0.5988105352591334,0.23857264231096006,0.09022939677145285
5,0.08,0.05,0.05,5885,0.08988954970263381,-0.06472033898305089,-0.0815,-0.9225704418457983,0.022090059473237042,0.7904842820730671,0.15072217502124044,0.03670348343245539,-0.006105751626402243,-0.9196721302180713,0.3418861512319456,-4.041269354797704,-0.015955782312925215,-0.03078607018323803,0.6581138487680543,0.0,0.08988954970263381,0.5682242990654206,0.3062022090059473,0.0356839422259983
5,0.08,0.08,0.05,5885,0.08988954970263381,-0.06472033898305089,-0.0815,-0.9404916027690235,0.022090059473237042,0.8632115548003398,0.06881903143585387,0.045879354290569246,-0.006744031358068668,-0.9386567417573201,0.3262531860662702,-4.463463210748637,-0.015955782312925215,-0.030123810779970416,0.6737468139337298,0.0,0.08988954970263381,0.583857264231096,0.216142735768904,0.11011045029736619
5,0.08,none,0.05,5885,0.09039932030586237,-0.0650254237288136,-0.0815,-0.9493667422636292,0.022599830076465592,0.9223449447748513,0.0,0.05505522514868309,-0.007160006815979271,-0.9479070390145807,0.32574341546304164,-4.729173214190799,-0.016154046997389038,-0.030162653664965403,0.6742565845369584,0.0,0.09039932030586237,0.583857264231096,0.24010195412064572,0.08564146134239592
5,0.08,0.1,0.05,5885,0.09039932030586237,-0.0650254237288136,-0.0815,-0.9449576008186249,0.022599830076465592,0.885641461342396,0.04078164825828377,0.05097706032285471,-0.006922190278566553,-0.9428200921245796,0.32574341546304164,-4.572095766147894,-0.016154046997389038,-0.030162653664965403,0.6742565845369584,0.0,0.09039932030586237,0.583857264231096,0.23551401869158878,0.09022939677145285
5,0.05,0.05,0.05,5885,0.1966015293118097,-0.0515,-0.051500000000000004,-0.9639424956723456,0.19456244689889549,0.6180118946474087,0.15072217502124044,0.03670348343245539,-0.008045939081059534,-0.9628906808555596,0.3274426508071368,-5.174450202814153,-0.018070378151260613,-0.03212369369417473,0.6725573491928633,0.0,0.1966015293118097,0.4759558198810535,0.2953271028037383,0.03211554800339847
5,0.05,0.08,0.05,5885,0.19711129991503823,-0.0515,-0.051500000000000004,-0.9726746759185491,0.19507221750212406,0.6902293967714529,0.06881903143585387,0.045879354290569246,-0.008719787552555749,-0.9720564382929877,0.3112999150382328,-5.603200629001055,-0.018143258426966347,-0.031459792638649245,0.6887000849617672,0.0,0.19711129991503823,0.491588785046729,0.20475785896346643,0.10654205607476636
5,0.05,none,0.05,5885,0.19762107051826677,-0.0515,-0.051500000000000004,-0.9766168658914534,0.1955819881053526,0.7493627867459643,0.0,0.05505522514868309,-0.009120469892369495,-0.9761343236738418,0.31079014443500425,-5.856196012599469,-0.01816666666666661,-0.031474615277230125,0.6892098555649957,0.0,0.19762107051826677,0.491588785046729,0.22871707731520816,0.08207306711979609
5,0.05,0.1,0.05,5885,0.19762107051826677,-0.0515,-0.051500000000000004,-0.9745702822500875,0.1955819881053526,0.7126593033135089,0.04078164825828377,0.05097706032285471,-0.008882653354956778,-0.9737931098366412,0.31079014443500425,-5.703495518594028,-0.01816666666666661,-0.031474615277230125,0.6892098555649957,0.0,0.19762107051826677,0.491588785046729,0.22412914188615124,0.08666100254885302
5,none,0.05,none,5885,0.2494477485131691,-0.17560551495554552,-0.4139173748819642,-0.7576048139498084,0.0,0.0,0.5265930331350892,0.4734069668649108,-0.002533222422613384,-0.7016700473720323,0.57892948173322,-0.8611959393906344,0.0485,-0.06844300395404643,0.42107051826677994,0.08156329651656755,0.16788445199660154,0.17162276975361088,0.57892948173322,0.0
5,none,none,0.08,5885,0.2864910790144435,-0.0808056076382469,-0.08150000000000007,-0.9931102003336633,0.0,0.7497026338147833,0.0,0.25029736618521664,-0.011943401308169064,-0.9930048343168747,0.31707731520815635,-5.621539486889436,-0.024194350555287347,-0.04293838204937556,0.6829226847918437,0.0,0.2864910790144435,0.39643160577740016,0.1911639762107052,0.12591333899745114
5,none,0.05,0.08,5885,0.2864910790144435,-0.0808056076382469,-0.08150000000000007,-0.9341827203550139,0.0,0.497196261682243,0.346304163126593,0.15649957519116398,-0.006271578607541651,-0.9287263127977337,0.44740866610025487,-3.013780263264198,-0.010611617312072883,-0.04828606942101658,0.5525913338997451,0.0,0.2864910790144435,0.2661002548853016,0.4271877655055225,0.02022090059473237
5,none,0.08,0.08,5885,0.2864910790144435,-0.0808056076382469,-0.08150000000000007,-0.9803513135514677,0.0,0.6142735768903993,0.18640611724723874,0.19932030586236194,-0.009286600154749915,-0.9794737784243368,0.33440951571792693,-4.371526494777149,-0.024194350555287347,-0.04394952011687525,0.665590484282073,0.0,0.2864910790144435,0.3790994052676296,0.11554800339847068,0.21886151231945625
5,none,0.1,0.08,5885,0.2864910790144435,-0.0808056076382469,-0.08150000000000007,-0.9880249759549128,0.0,0.6625318606627018,0.12081563296516568,0.21665250637213254,-0.010540954291215246,-0.9875624714193586,0.31707731520815635,-4.961433451711355,-0.024194350555287347,-0.04293838204937556,0.6829226847918437,0.0,0.2864910790144435,0.39643160577740016,0.14851316907391673,0.1685641461342396
5,0.08,0.05,0.08,5885,0.2939677145284622,-0.08150000000000002,-0.0815,-0.952329408489556,0.09039932030586237,0.4067969413763806,0.346304163126593,0.15649957519116398,-0.007069168324312898,-0.9485102860019429,0.4468988954970263,-3.291262252075181,-0.010730769230769264,-0.04967714589389861,0.5531011045029737,0.0,0.2939677145284622,0.25913338997451146,0.42667799490229397,0.02022090059473237
5,0.08,0.08,0.08,5885,0.2949872557349193,-0.08150000000000002,-0.0815,-0.9861898591947662,0.09141886151231945,0.5228547153780798,0.18640611724723874,0.19932030586236194,-0.010152287209578446,-0.9855730808824368,0.3338997451146984,-4.627301679303414,-0.024734042553191504,-0.04521016205606162,0.6661002548853017,0.0,0.2949872557349193,0.3711129991503823,0.11503823279524214,0.21886151231945625
5,0.08,none,0.08,5885,0.2965165675446049,-0.08150000000000002,-0.0815,-0.9954075222714751,0.0929481733220051,0.6567544604927783,0.0,0.25029736618521664,-0.012940349471485764,-0.9953372893026111,0.31554800339847067,-5.880477382719443,-0.024755813953488415,-0.04428251175593333,0.6844519966015293,0.0,0.2965165675446049,0.3879354290569244,0.18963466440101953,0.12591333899745114
5,0.08,0.1,0.08,5885,0.2965165675446049,-0.08150000000000002,-0.0815,-0.9920103811537434,0.0929481733220051,0.5695836873406966,0.12081563296516568,0.21665250637213254,-0.011537902454531948,-0.9917018026540401,0.31554800339847067,-5.243163994713054,-0.024755813953488415,-0.04428251175593333,0.6844519966015293,0.0,0.2965165675446049,0.3879354290569244,0.1469838572642311,0.1685641461342396
5,0.08,0.05,none,5885,0.30654205607476637,-0.08150000000000002,-0.0815,-0.7358142378969473,0.2506372132540357,0.0,0.5009345794392523,0.24842820730671197,-0.0024376547696688075,-0.6684684976230753,0.5491928632115548,-1.0423092109904626,0.0485,-0.06083914160627515,0.4508071367884452,0.0,0.30654205607476637,0.14426508071367886,0.5491928632115548,0.0
5,none,0.08,none,5885,0.3124893797790994,-0.1925087746360097,-0.4139173748819642,-0.9578747195637186,0.0,0.0,0.3502124044180119,0.6497875955819881,-0.0066779937513072015,-0.9536808694828192,0.46762956669498723,-1.9932230566302143,-0.00762244897959191,-0.06894852775579752,0.5323704333050128,0.10943075615972812,0.20305862361937127,0.21988105352591333,0.1092608326253186,0.3583687340696686
5,none,0.1,none,5885,0.33338997451146984,-0.1960646720066595,-0.4139173748819642,-0.9813415931006699,0.0,0.0,0.27068819031435853,0.7293118096856415,-0.008615735895475705,-0.978929440599344,0.42735768903993204,-2.4876139163411,-0.014955657492354777,-0.06871535785041552,0.572642310960068,0.11809685641461343,0.21529311809685642,0.23925233644859814,0.1352591333899745,0.2920985556499575
5,0.08,0.08,none,5885,0.3765505522514868,-0.08150000000000002,-0.0815,-0.9335458812298534,0.3135089209855565,0.0,0.33050127442650806,0.35598980458793544,-0.005770349978102733,-0.9207477878552014,0.4368734069668649,-2.215787520029806,-0.015785714285714236,-0.060366238559998044,0.5631265930331351,0.0,0.3765505522514868,0.18657604078164824,0.09923534409515718,0.3376380628717077
5,none,none,none,5885,0.3775700934579439,-0.2135871416238833,-0.46698672566371685,-0.9994927224666089,0.0,0.0,0.0,1.0,-0.017108778770079054,-0.9994516964588859,0.35310110450297366,-4.489620153618142,-0.02834563758389269,-0.07019579592084454,0.6468988954970263,0.13899745114698386,0.23857264231096006,0.26932880203908244,0.18980458793542906,0.1632965165675446
5,0.08,0.1,none,5885,0.4020390824129142,-0.08150000000000002,-0.0815,-0.9686817640721996,0.335429056924384,0.0,0.2519966015293118,0.4125743415463042,-0.0077893988347661975,-0.9646329531775744,0.3955819881053526,-2.8936099685420413,-0.02448850574712641,-0.06014627999617118,0.6044180118946474,0.0,0.4020390824129142,0.20237892948173322,0.12370433305012744,0.27187765505522515
5,0.05,0.05,0.08,5885,0.4344944774851317,-0.0515,-0.051500000000000004,-0.9601465457642959,0.4324553950722175,0.16159728122344943,0.31928632115548006,0.08666100254885302,-0.007675333421443791,-0.9581929606868259,0.405607476635514,-4.0856415691180805,-0.032230897009966786,-0.04426691754305218,0.594392523364486,0.0,0.4344944774851317,0.1598980458793543,0.38844519966015295,0.017162276975361088
5,0.05,0.08,0.08,5885,0.4441801189464741,-0.0515,-0.051500000000000004,-0.9898442645991014,0.4421410365335599,0.2618521665250637,0.16907391673746813,0.12693288020390825,-0.011108103493385146,-0.9896146490784871,0.2982158028887001,-5.732982069391673,-0.035936248682824024,-0.041336183072566916,0.7017841971112999,0.0,0.4441801189464741,0.25760407816482583,0.10178419711129992,0.19643160577740018
5,0.05,0.1,0.08,5885,0.44621920135938825,-0.0515,-0.051500000000000004,-0.9936526649070646,0.4441801189464741,0.3029736618521665,0.11011045029736619,0.1427357689039932,-0.012297250099584732,-0.9935453900432328,0.2808836023789295,-6.333403941674836,-0.03630701754385973,-0.04057779323718093,0.7191163976210705,0.0,0.44621920135938825,0.27289719626168224,0.1296516567544605,0.15123194562446898
5,0.05,none,0.08,5885,0.44672897196261685,-0.0515,-0.051500000000000004,-0.995942565614315,0.4446898895497026,0.3819881053525913,0.0,0.17332200509770604,-0.013418386402155506,-0.9959476848868505,0.2803738317757009,-6.907425711506388,-0.03651222493887524,-0.040585530337603225,0.719626168224299,0.0,0.44672897196261685,0.27289719626168224,0.167714528462192,0.11265930331350892
5,0.08,none,none,5885,0.45539507221750214,-0.08150000000000002,-0.0815,-0.9985766423974237,0.38470688190314356,0.0,0.0,0.6152931180968564,-0.015111950752772588,-0.9983549850207846,0.3223449447748513,-5.2673295549857535,-0.03959523809523807,-0.06063842315494486,0.6776550552251487,0.0,0.45539507221750214,0.22225998300764657,0.17162276975361088,0.15072217502124044
5,0.05,0.05,none,5885,0.4790144435004248,-0.0515,-0.051500000000000004,-0.8655029872525634,0.4790144435004248,0.0,0.4256584536958369,0.09532710280373832,-0.004578139771315379,-0.8574741670440406,0.45879354290569246,-2.4313812507688843,-0.021128647214854135,-0.04746653875283556,0.5412064570943076,0.0,0.4790144435004248,0.06219201359388275,0.45879354290569246,0.0
5,0.05,0.08,none,5885,0.5622769753610876,-0.0515,-0.051500000000000004,-0.9466677021171909,0.5622769753610876,0.0,0.27510620220900595,0.16261682242990655,-0.006794121715658122,-0.9436622602333519,0.35717926932880206,-3.32686809922126,-0.051500000000000004,-0.0470851231463374,0.6428207306711979,0.0,0.5622769753610876,0.08054375531011045,0.07493627867459643,0.2822429906542056
5,0.05,0.1,none,5885,0.594392523364486,-0.0515,-0.051500000000000004,-0.9731920204031801,0.594392523364486,0.0,0.20832625318606626,0.19728122344944776,-0.00853626461087147,-0.9718435186164847,0.3179269328802039,-4.06444472432647,-0.051500000000000004,-0.046973312770139,0.6820730671197961,0.0,0.594392523364486,0.0876805437553101,0.09379779099405268,0.22412914188615124
5,0.05,none,none,5885,0.6538657604078165,-0.0515,-0.051500000000000004,-0.9964801474367149,0.6538657604078165,0.0,0.0,0.34613423959218353,-0.01331025821484221,-0.9962683888946824,0.2538657604078165,-6.044675307154897,-0.051500000000000004,-0.04714880183631325,0.7461342395921835,0.0,0.6538657604078165,0.09226847918436704,0.13101104502973662,0.12285471537807986
