score,label,regime,K,n_days,n_picks,precision_at_k,base_rate,lift,recall,pumps_caught,total_pumps
cal_composite,lab_pump20,ALL,1,800,800,0.07875,0.021450192453817313,3.6712957317073167,0.036585365853658534,63,1722
cal_composite,lab_pump20,ALL,2,800,1600,0.0825,0.021450192453817313,3.846119337979094,0.07665505226480836,132,1722
cal_composite,lab_pump20,ALL,3,800,2400,0.08083333333333333,0.021450192453817313,3.7684199574138595,0.11265969802555169,194,1722
cal_composite,lab_pump20,ALL,5,800,4000,0.076,0.021450192453817313,3.5430917537746804,0.1765389082462253,304,1722
cal_composite,lab_pump20,bull_quiet,1,323,323,0.03715170278637771,0.01606673876100726,2.3123362705406048,0.023076923076923078,12,520
cal_composite,lab_pump20,bull_quiet,2,323,646,0.05108359133126935,0.01606673876100726,3.1794623719933317,0.06346153846153846,33,520
cal_composite,lab_pump20,bull_quiet,3,323,969,0.054695562435500514,0.01606673876100726,3.4042728427403346,0.10192307692307692,53,520
cal_composite,lab_pump20,bull_quiet,5,323,1615,0.060061919504643964,0.01606673876100726,3.7382769707073114,0.18653846153846154,97,520
cal_composite,lab_pump20,bull_volatile,1,119,119,0.1092436974789916,0.022914218566392478,4.76750700280112,0.047619047619047616,13,273
cal_composite,lab_pump20,bull_volatile,2,119,238,0.08403361344537816,0.022914218566392478,3.6673130790777853,0.07326007326007326,20,273
cal_composite,lab_pump20,bull_volatile,3,119,357,0.07563025210084033,0.022914218566392478,3.3005817711700063,0.0989010989010989,27,273
cal_composite,lab_pump20,bull_volatile,5,119,595,0.07058823529411765,0.022914218566392478,3.0805429864253395,0.15384615384615385,42,273
cal_composite,lab_pump20,bear_quiet,1,130,130,0.05384615384615385,0.018055236783719685,2.9823011734028686,0.029661016949152543,7,236
cal_composite,lab_pump20,bear_quiet,2,130,260,0.08461538461538462,0.018055236783719685,4.686473272490222,0.09322033898305085,22,236
cal_composite,lab_pump20,bear_quiet,3,130,390,0.08717948717948718,0.018055236783719685,4.828487614080834,0.1440677966101695,34,236
cal_composite,lab_pump20,bear_quiet,5,130,650,0.07384615384615385,0.018055236783719685,4.090013037809649,0.2033898305084746,48,236
cal_composite,lab_pump20,bear_volatile,1,228,228,0.13596491228070176,0.030223734135810545,4.498613959140275,0.044733044733044736,31,693
cal_composite,lab_pump20,bear_volatile,2,228,456,0.125,0.030223734135810545,4.135822510822511,0.08225108225108226,57,693
cal_composite,lab_pump20,bear_volatile,3,228,684,0.11695906432748537,0.030223734135810545,3.869775448722817,0.11544011544011544,80,693
cal_composite,lab_pump20,bear_volatile,5,228,1140,0.10263157894736842,0.030223734135810545,3.395727956254272,0.16883116883116883,117,693
cal_logit,lab_pump20,ALL,1,800,800,0.08875,0.021450192453817313,4.137492015098722,0.04123112659698026,71,1722
cal_logit,lab_pump20,ALL,2,800,1600,0.089375,0.021450192453817313,4.166629282810685,0.08304297328687572,143,1722
cal_logit,lab_pump20,ALL,3,800,2400,0.08291666666666667,0.021450192453817313,3.8655441831204023,0.11556329849012775,199,1722
cal_logit,lab_pump20,ALL,5,800,4000,0.0775,0.021450192453817313,3.613021196283391,0.1800232288037166,310,1722
cal_logit,lab_pump20,bull_quiet,1,323,323,0.05263157894736842,0.01606673876100726,3.27580971659919,0.032692307692307694,17,520
cal_logit,lab_pump20,bull_quiet,2,323,646,0.07275541795665634,0.01606673876100726,4.52832519647535,0.09038461538461538,47,520
cal_logit,lab_pump20,bull_quiet,3,323,969,0.07533539731682147,0.01606673876100726,4.688904104151782,0.14038461538461539,73,520
cal_logit,lab_pump20,bull_quiet,5,323,1615,0.06996904024767801,0.01606673876100726,4.3548999761848055,0.2173076923076923,113,520
cal_logit,lab_pump20,bull_volatile,1,119,119,0.08403361344537816,0.022914218566392478,3.6673130790777853,0.03663003663003663,10,273
cal_logit,lab_pump20,bull_volatile,2,119,238,0.08403361344537816,0.022914218566392478,3.6673130790777853,0.07326007326007326,20,273
cal_logit,lab_pump20,bull_volatile,3,119,357,0.06162464985994398,0.022914218566392478,2.6893629246570425,0.08058608058608059,22,273
cal_logit,lab_pump20,bull_volatile,5,119,595,0.05546218487394958,0.022914218566392478,2.420426632191338,0.12087912087912088,33,273
cal_logit,lab_pump20,bear_quiet,1,130,130,0.09230769230769231,0.018055236783719685,5.112516297262061,0.05084745762711865,12,236
cal_logit,lab_pump20,bear_quiet,2,130,260,0.1076923076923077,0.018055236783719685,5.964602346805737,0.11864406779661017,28,236
cal_logit,lab_pump20,bear_quiet,3,130,390,0.08461538461538462,0.018055236783719685,4.686473272490222,0.13983050847457626,33,236
cal_logit,lab_pump20,bear_quiet,5,130,650,0.06923076923076923,0.018055236783719685,3.834387222946545,0.1906779661016949,45,236
cal_logit,lab_pump20,bear_volatile,1,228,228,0.14035087719298245,0.030223734135810545,4.643730538467381,0.046176046176046176,32,693
cal_logit,lab_pump20,bear_volatile,2,228,456,0.10526315789473684,0.030223734135810545,3.4827979038505354,0.06926406926406926,48,693
cal_logit,lab_pump20,bear_volatile,3,228,684,0.10380116959064327,0.030223734135810545,3.4344257107415,0.10245310245310245,71,693
cal_logit,lab_pump20,bear_volatile,5,228,1140,0.10438596491228071,0.030223734135810545,3.4537745879851145,0.1717171717171717,119,693
cal_xgb,lab_pump20,ALL,1,800,800,0.085,0.021450192453817313,3.9626684088269455,0.03948896631823461,68,1722
cal_xgb,lab_pump20,ALL,2,800,1600,0.085,0.021450192453817313,3.9626684088269455,0.07897793263646923,136,1722
cal_xgb,lab_pump20,ALL,3,800,2400,0.08166666666666667,0.021450192453817313,3.8072696476964767,0.11382113821138211,196,1722
cal_xgb,lab_pump20,ALL,5,800,4000,0.0815,0.021450192453817313,3.7994997096399534,0.18931475029036005,326,1722
cal_xgb,lab_pump20,bull_quiet,1,323,323,0.06191950464396285,0.01606673876100726,3.8538937842343413,0.038461538461538464,20,520
cal_xgb,lab_pump20,bull_quiet,2,323,646,0.07275541795665634,0.01606673876100726,4.52832519647535,0.09038461538461538,47,520
cal_xgb,lab_pump20,bull_quiet,3,323,969,0.07430340557275542,0.01606673876100726,4.6246725410812095,0.13846153846153847,72,520
cal_xgb,lab_pump20,bull_quiet,5,323,1615,0.07244582043343653,0.01606673876100726,4.50905572755418,0.225,117,520
cal_xgb,lab_pump20,bull_volatile,1,119,119,0.10084033613445378,0.022914218566392478,4.400775694893342,0.04395604395604396,12,273
cal_xgb,lab_pump20,bull_volatile,2,119,238,0.08823529411764706,0.022914218566392478,3.8506787330316747,0.07692307692307693,21,273
cal_xgb,lab_pump20,bull_volatile,3,119,357,0.0784313725490196,0.022914218566392478,3.4228255404725996,0.10256410256410256,28,273
cal_xgb,lab_pump20,bull_volatile,5,119,595,0.06890756302521009,0.022914218566392478,3.007196724843784,0.15018315018315018,41,273
cal_xgb,lab_pump20,bear_quiet,1,130,130,0.046153846153846156,0.018055236783719685,2.5562581486310303,0.025423728813559324,6,236
cal_xgb,lab_pump20,bear_quiet,2,130,260,0.06923076923076923,0.018055236783719685,3.834387222946545,0.07627118644067797,18,236
cal_xgb,lab_pump20,bear_quiet,3,130,390,0.07435897435897436,0.018055236783719685,4.118415906127771,0.1228813559322034,29,236
cal_xgb,lab_pump20,bear_quiet,5,130,650,0.07384615384615385,0.018055236783719685,4.090013037809649,0.2033898305084746,48,236
cal_xgb,lab_pump20,bear_volatile,1,228,228,0.13157894736842105,0.030223734135810545,4.353497379813169,0.04329004329004329,30,693
cal_xgb,lab_pump20,bear_volatile,2,228,456,0.10964912280701754,0.030223734135810545,3.627914483177641,0.07215007215007214,50,693
cal_xgb,lab_pump20,bear_volatile,3,228,684,0.097953216374269,0.030223734135810545,3.2409369383053592,0.09668109668109669,67,693
cal_xgb,lab_pump20,bear_volatile,5,228,1140,0.10526315789473684,0.030223734135810545,3.4827979038505354,0.17316017316017315,120,693
raw_composite,lab_pump20,ALL,1,800,800,0.1075,0.021450192453817313,5.011610046457607,0.04994192799070848,86,1722
raw_composite,lab_pump20,ALL,2,800,1600,0.096875,0.021450192453817313,4.516276495354239,0.0900116144018583,155,1722
raw_composite,lab_pump20,ALL,3,800,2400,0.0925,0.021450192453817313,4.312315621370499,0.1289198606271777,222,1722
raw_composite,lab_pump20,ALL,5,800,4000,0.08125,0.021450192453817313,3.7878448025551683,0.18873403019744484,325,1722
raw_composite,lab_pump20,bull_quiet,1,323,323,0.06501547987616099,0.01606673876100726,4.046588473446058,0.04038461538461539,21,520
raw_composite,lab_pump20,bull_quiet,2,323,646,0.07430340557275542,0.01606673876100726,4.6246725410812095,0.09230769230769231,48,520
raw_composite,lab_pump20,bull_quiet,3,323,969,0.06914344685242518,0.01606673876100726,4.303514725728348,0.12884615384615383,67,520
raw_composite,lab_pump20,bull_quiet,5,323,1615,0.06253869969040247,0.01606673876100726,3.8924327220766846,0.19423076923076923,101,520
raw_composite,lab_pump20,bull_volatile,1,119,119,0.11764705882352941,0.022914218566392478,5.134238310708899,0.05128205128205128,14,273
raw_composite,lab_pump20,bull_volatile,2,119,238,0.08823529411764706,0.022914218566392478,3.8506787330316747,0.07692307692307693,21,273
raw_composite,lab_pump20,bull_volatile,3,119,357,0.08683473389355742,0.022914218566392478,3.7895568483803777,0.11355311355311355,31,273
raw_composite,lab_pump20,bull_volatile,5,119,595,0.0773109243697479,0.022914218566392478,3.3739280327515626,0.1684981684981685,46,273
raw_composite,lab_pump20,bear_quiet,1,130,130,0.13076923076923078,0.018055236783719685,7.242731421121252,0.07203389830508475,17,236
raw_composite,lab_pump20,bear_quiet,2,130,260,0.09230769230769231,0.018055236783719685,5.112516297262061,0.1016949152542373,24,236
raw_composite,lab_pump20,bear_quiet,3,130,390,0.08717948717948718,0.018055236783719685,4.828487614080834,0.1440677966101695,34,236
raw_composite,lab_pump20,bear_quiet,5,130,650,0.08153846153846153,0.018055236783719685,4.516056062581486,0.2245762711864407,53,236
raw_composite,lab_pump20,bear_volatile,1,228,228,0.14912280701754385,0.030223734135810545,4.933963697121592,0.049062049062049064,34,693
raw_composite,lab_pump20,bear_volatile,2,228,456,0.13596491228070176,0.030223734135810545,4.498613959140275,0.08946608946608947,62,693
raw_composite,lab_pump20,bear_volatile,3,228,684,0.13157894736842105,0.030223734135810545,4.353497379813169,0.12987012987012986,90,693
raw_composite,lab_pump20,bear_volatile,5,228,1140,0.10964912280701754,0.030223734135810545,3.627914483177641,0.18037518037518038,125,693
raw_logit,lab_pump20,ALL,1,800,800,0.125,0.021450192453817313,5.827453542392567,0.05807200929152149,100,1722
raw_logit,lab_pump20,ALL,2,800,1600,0.10875,0.021450192453817313,5.069884581881532,0.10104529616724739,174,1722
raw_logit,lab_pump20,ALL,3,800,2400,0.09125,0.021450192453817313,4.254041085946573,0.12717770034843207,219,1722
raw_logit,lab_pump20,ALL,5,800,4000,0.086,0.021450192453817313,4.009288037166085,0.1997677119628339,344,1722
raw_logit,lab_pump20,bull_quiet,1,323,323,0.09597523219814241,0.01606673876100726,5.9735353655632295,0.05961538461538462,31,520
raw_logit,lab_pump20,bull_quiet,2,323,646,0.08513931888544891,0.01606673876100726,5.299103953322219,0.10576923076923077,55,520
raw_logit,lab_pump20,bull_quiet,3,323,969,0.07327141382868937,0.01606673876100726,4.560440978010638,0.13653846153846153,71,520
raw_logit,lab_pump20,bull_quiet,5,323,1615,0.07120743034055728,0.01606673876100726,4.431977851869493,0.22115384615384615,115,520
raw_logit,lab_pump20,bull_volatile,1,119,119,0.06722689075630252,0.022914218566392478,2.933850463262228,0.029304029304029304,8,273
raw_logit,lab_pump20,bull_volatile,2,119,238,0.09663865546218488,0.022914218566392478,4.217410040939453,0.08424908424908426,23,273
raw_logit,lab_pump20,bull_volatile,3,119,357,0.08683473389355742,0.022914218566392478,3.7895568483803777,0.11355311355311355,31,273
raw_logit,lab_pump20,bull_volatile,5,119,595,0.08067226890756303,0.022914218566392478,3.520620555914674,0.17582417582417584,48,273
raw_logit,lab_pump20,bear_quiet,1,130,130,0.1076923076923077,0.018055236783719685,5.964602346805737,0.059322033898305086,14,236
raw_logit,lab_pump20,bear_quiet,2,130,260,0.1,0.018055236783719685,5.5385593220338984,0.11016949152542373,26,236
raw_logit,lab_pump20,bear_quiet,3,130,390,0.08461538461538462,0.018055236783719685,4.686473272490222,0.13983050847457626,33,236
raw_logit,lab_pump20,bear_quiet,5,130,650,0.08,0.018055236783719685,4.430847457627118,0.22033898305084745,52,236
raw_logit,lab_pump20,bear_volatile,1,228,228,0.20614035087719298,0.030223734135810545,6.820479228373966,0.06782106782106782,47,693
raw_logit,lab_pump20,bear_volatile,2,228,456,0.15350877192982457,0.030223734135810545,5.079080276448698,0.10101010101010101,70,693
raw_logit,lab_pump20,bear_volatile,3,228,684,0.12280701754385964,0.030223734135810545,4.063264221158958,0.12121212121212122,84,693
raw_logit,lab_pump20,bear_volatile,5,228,1140,0.11315789473684211,0.030223734135810545,3.744007746639326,0.18614718614718614,129,693
raw_xgb,lab_pump20,ALL,1,800,800,0.1225,0.021450192453817313,5.710904471544715,0.056910569105691054,98,1722
raw_xgb,lab_pump20,ALL,2,800,1600,0.110625,0.021450192453817313,5.157296385017421,0.10278745644599303,177,1722
raw_xgb,lab_pump20,ALL,3,800,2400,0.09791666666666667,0.021450192453817313,4.56483860820751,0.13646922183507548,235,1722
raw_xgb,lab_pump20,ALL,5,800,4000,0.08625,0.021450192453817313,4.02094294425087,0.20034843205574912,345,1722
raw_xgb,lab_pump20,bull_quiet,1,323,323,0.0804953560371517,0.01606673876100726,5.010061919504643,0.05,26,520
raw_xgb,lab_pump20,bull_quiet,2,323,646,0.07275541795665634,0.01606673876100726,4.52832519647535,0.09038461538461538,47,520
raw_xgb,lab_pump20,bull_quiet,3,323,969,0.07223942208462332,0.01606673876100726,4.496209414940065,0.1346153846153846,70,520
raw_xgb,lab_pump20,bull_quiet,5,323,1615,0.06687306501547988,0.01606673876100726,4.162205286973089,0.2076923076923077,108,520
raw_xgb,lab_pump20,bull_volatile,1,119,119,0.10084033613445378,0.022914218566392478,4.400775694893342,0.04395604395604396,12,273
raw_xgb,lab_pump20,bull_volatile,2,119,238,0.10084033613445378,0.022914218566392478,4.400775694893342,0.08791208791208792,24,273
raw_xgb,lab_pump20,bull_volatile,3,119,357,0.09243697478991597,0.022914218566392478,4.034044386985564,0.12087912087912088,33,273
raw_xgb,lab_pump20,bull_volatile,5,119,595,0.08907563025210084,0.022914218566392478,3.8873518638224525,0.19413919413919414,53,273
raw_xgb,lab_pump20,bear_quiet,1,130,130,0.16923076923076924,0.018055236783719685,9.372946544980444,0.09322033898305085,22,236
raw_xgb,lab_pump20,bear_quiet,2,130,260,0.13846153846153847,0.018055236783719685,7.66877444589309,0.15254237288135594,36,236
raw_xgb,lab_pump20,bear_quiet,3,130,390,0.10512820512820513,0.018055236783719685,5.822588005215124,0.17372881355932204,41,236
raw_xgb,lab_pump20,bear_quiet,5,130,650,0.07692307692307693,0.018055236783719685,4.260430247718383,0.211864406779661,50,236
raw_xgb,lab_pump20,bear_volatile,1,228,228,0.16666666666666666,0.030223734135810545,5.5144300144300145,0.05483405483405483,38,693
raw_xgb,lab_pump20,bear_volatile,2,228,456,0.15350877192982457,0.030223734135810545,5.079080276448698,0.10101010101010101,70,693
raw_xgb,lab_pump20,bear_volatile,3,228,684,0.13304093567251463,0.030223734135810545,4.401869572922204,0.13131313131313133,91,693
raw_xgb,lab_pump20,bear_volatile,5,228,1140,0.11754385964912281,0.030223734135810545,3.8891243259664314,0.19336219336219337,134,693
