scope,fold,policy,n,dates,safe_up10_rate,up10_rate,dn5_rate,eod_net_mean,mfe_mean,mae_mean,matched_atr_safe_up10,safe_up10_lift_within_atr,matched_atr_up10,up10_lift_within_atr,matched_atr_dn5,dn5_delta_within_atr,path_complete_pick_rate,path_n,path_dates,path_net_mean,path_tp_first,path_sl_first,path_eod,path_hit,path_up10_before_dn5,path_safe_up10,path_up10,path_dn5,path_cumulative,path_max_drawdown,path_net_ci95_lo,path_net_ci95_hi,path_net_p_gt_zero,path_sharpe_ann,path_sortino_ann,path_calmar
discovery_oof,0,safeup_head,348,116,0.10344827586206896,0.10919540229885058,0.4051724137931034,-0.007070267345608006,0.050451120209056295,-0.048814120907031834,0.06961985414788618,1.485901933122764,0.07386254340931607,1.4783596293690324,0.24590314919425904,0.15926926459884438,0.0,0,0,,,,,,,,,,,,,,,,,
discovery_oof,1,safeup_head,348,116,0.13793103448275862,0.19827586206896552,0.5431034482758621,0.0013354374900104275,0.07523631983497416,-0.06619012835220546,0.10778792981352499,1.2796519491689073,0.13710491012617232,1.4461616428361315,0.4154282749328029,0.12767517334305922,0.0,0,0,,,,,,,,,,,,,,,,,
discovery_oof,2,safeup_head,348,116,0.1810344827586207,0.27586206896551724,0.5862068965517241,0.0024060856832190205,0.08599333251268455,-0.06855796323450766,0.09439933114316687,1.917751752754076,0.11602260771194149,2.3776578927653635,0.38997515784474795,0.19623173870697613,0.3017241379310345,102,34,-0.003785441365240579,0.3333333333333333,0.6372549019607843,0.029411764705882353,0.3431372549019608,0.2647058823529412,0.22549019607843138,0.3137254901960784,0.5490196078431373,-0.13107853181001783,-0.1946873916551788,-0.012410266669147888,0.0048506513007245036,0.2,-2.7281220790668184,-3.870987004954173,-3.9998589901972923
discovery_oof,3,safeup_head,348,116,0.1867816091954023,0.22413793103448276,0.4827586206896552,0.00028520241793194965,0.07079897377363256,-0.053253705397784686,0.07785119905829761,2.399213004484798,0.08518611229981822,2.6311557715606777,0.2878782958929786,0.1948803247966766,0.9913793103448276,345,115,-0.003554364683414403,0.3130434782608696,0.5971014492753624,0.08985507246376812,0.35942028985507246,0.22608695652173913,0.2144927536231884,0.24347826086956523,0.43768115942028984,-0.35477345538392324,-0.40310481613575155,-0.007585502410843003,0.0005801210621654743,0.0456,-3.028256193559623,-4.043487941080179,-1.8632611354015374
discovery_oof,4,safeup_head,351,117,0.1396011396011396,0.25071225071225073,0.6324786324786325,-0.014544934727960156,0.08291519830361253,-0.06887058276752735,0.10174973250886127,1.3720049788728623,0.126911342343333,1.9754912845693442,0.3735657680736665,0.25891286440496597,0.9601139601139601,303,101,-0.00361808207444028,0.3201320132013201,0.6072607260726073,0.07260726072607261,0.3564356435643564,0.20132013201320131,0.1617161716171617,0.22442244224422442,0.5511551155115512,-0.32661902875974,-0.4339151147292296,-0.008227171351009331,0.001050263687428878,0.0606,-2.857969458082798,-3.691749878023058,-1.7525796297539167
locked_holdout,-1,safeup_head,540,180,0.16666666666666666,0.26481481481481484,0.6222222222222222,-0.013651655982621186,0.08518687631974825,-0.06746456290199626,0.10078786117809287,1.6536382925337156,0.1298240903176299,2.0397971914681956,0.3476532935445047,0.27456892867771754,0.987037037037037,510,170,-0.0007931211707468301,0.3686274509803922,0.596078431372549,0.03529411764705882,0.3843137254901961,0.19019607843137254,0.1627450980392157,0.23333333333333334,0.5725490196078431,-0.16468204135784859,-0.26973456428054143,-0.004183883447868411,0.002630271387838454,0.336,-0.6551556442984895,-0.9606015586170092,-1.188078722666211
discovery_oof,0,up10_control,348,116,0.08333333333333333,0.10344827586206896,0.48563218390804597,-0.015661241980018416,0.046728280047317744,-0.05514060433331407,0.07119399151149722,1.1705107631151108,0.0754423597516196,1.3712226950834228,0.24333683249288915,0.24229535141515682,0.0,0,0,,,,,,,,,,,,,,,,,
discovery_oof,1,up10_control,348,116,0.15804597701149425,0.29310344827586204,0.6350574712643678,-0.0078324941566047,0.09080049587099653,-0.07893996338948327,0.11043071050638086,1.4311777610301812,0.14483868902885885,2.0236543857246714,0.418188859470939,0.21686861179342887,0.0,0,0,,,,,,,,,,,,,,,,,
discovery_oof,2,up10_control,348,116,0.16091954022988506,0.2988505747126437,0.646551724137931,-0.0042989768262827474,0.09647871839871365,-0.07883736551590985,0.09833712292026454,1.6364068365144737,0.12165198289140026,2.45660257736555,0.3819599794720385,0.2645917446658925,0.3017241379310345,102,34,-0.007830035121439276,0.27450980392156865,0.6764705882352942,0.049019607843137254,0.29411764705882354,0.22549019607843138,0.16666666666666666,0.28431372549019607,0.5784313725490197,-0.2400751605513367,-0.27902195694909604,-0.014512116153859006,-0.0007301322680468137,0.0144,-7.138167316268306,-8.432659046510693,-3.3958427555171817
discovery_oof,3,up10_control,348,116,0.15229885057471265,0.21839080459770116,0.5775862068965517,-0.009262941559567816,0.07224387490267158,-0.06338251060340293,0.07343740139497175,2.0738594732620883,0.08145995261308932,2.6809591411744726,0.28353218562152793,0.2940540212750238,0.9913793103448276,345,115,-0.003909758125801334,0.3159420289855073,0.6086956521739131,0.07536231884057971,0.3536231884057971,0.20869565217391303,0.1855072463768116,0.23478260869565218,0.5304347826086957,-0.37912314256125657,-0.3923893093080313,-0.007636996994056067,-0.00016288421156437086,0.0206,-3.496139657473839,-4.4660927055312305,-1.9870534823367214
discovery_oof,4,up10_control,351,117,0.15384615384615385,0.31054131054131057,0.6837606837606838,-0.015308540748471324,0.10142198971937741,-0.08259612018961451,0.10540023667231681,1.459637650762138,0.1315572365439325,2.3605034485321355,0.36672310941276465,0.3170375743479191,0.9601139601139601,303,101,-0.0006151059108107443,0.37293729372937295,0.594059405940594,0.033003300330033,0.38943894389438943,0.2376237623762376,0.1848184818481848,0.29042904290429045,0.6006600660066007,-0.08975765551852666,-0.2531093601248605,-0.005326946309205793,0.004444837974595448,0.3824,-0.46395446647300104,-0.699980473286808,-1.1383714410798407
locked_holdout,-1,up10_control,540,180,0.14444444444444443,0.32037037037037036,0.7166666666666667,-0.0235824885090464,0.10449397565199631,-0.08432081721478371,0.10035655253417053,1.4393125391116077,0.1319230012741467,2.4284648414313645,0.3455352712577836,0.37113139540888307,0.9888888888888889,510,170,-0.0034631768337240066,0.3431372549019608,0.6411764705882353,0.01568627450980392,0.35294117647058826,0.23333333333333334,0.1627450980392157,0.3058823529411765,0.6647058823529411,-0.4717939825538435,-0.4805694869283078,-0.006988751717469197,8.164476888464266e-05,0.028,-2.7618907937089348,-3.7135739901689027,-1.552314281056562
discovery_oof,0,R1_repaired,348,116,0.07471264367816093,0.08333333333333333,0.25287356321839083,-0.0013230615978823798,0.04160188832454898,-0.03625413466255265,0.051775723618707886,1.4430053016422806,0.05439022760408894,1.53213797779858,0.19959108073259105,0.05328248248579978,0.014367816091954023,0,0,,,,,,,,,,,,,,,,,
discovery_oof,1,R1_repaired,348,116,0.11781609195402298,0.1810344827586207,0.4454022988505747,0.006238920729954832,0.06890547351832821,-0.057738870828928444,0.09505007148430987,1.2395160794115883,0.12044662606794852,1.50302659915515,0.3914824867246693,0.05391981212590541,0.011494252873563218,0,0,,,,,,,,,,,,,,,,,
discovery_oof,2,R1_repaired,348,116,0.13218390804597702,0.1867816091954023,0.39655172413793105,-0.002693236850140608,0.0674384692312933,-0.05245842712576599,0.08326472948190909,1.5875138112914495,0.10035407552950378,1.8612259463292957,0.3224048192025728,0.07414690493535825,0.3132183908045977,102,34,-0.0013063236113839045,0.2647058823529412,0.49019607843137253,0.24509803921568626,0.4019607843137255,0.14705882352941177,0.11764705882352941,0.16666666666666666,0.35294117647058826,-0.04989647131468622,-0.17184792040544827,-0.007939453777630542,0.005284417599058018,0.3536,-1.2336210186359078,-1.786782048232557,-2.4600203503784592
discovery_oof,3,R1_repaired,348,116,0.09195402298850575,0.11494252873563218,0.28735632183908044,-0.0027166645948407298,0.04202418373119128,-0.037054211165521544,0.05359406170435284,1.7157502168013021,0.05890685821418683,1.9512588554239005,0.20111468848262845,0.08624163335645199,0.9913793103448276,345,115,-0.002632256746858649,0.19420289855072465,0.4057971014492754,0.4,0.4144927536231884,0.10434782608695652,0.09855072463768116,0.11014492753623188,0.25507246376811593,-0.2789383538786463,-0.2789383538786463,-0.006430062157335204,0.0010609324084634123,0.0816,-2.4594756131259077,-3.1871480296937205,-2.3152999360183135
discovery_oof,4,R1_repaired,351,117,0.10256410256410256,0.15384615384615385,0.3646723646723647,-0.007828448020424912,0.05507850553058145,-0.0466283879171278,0.08103289378911066,1.2657094886803277,0.09987119577660127,1.5404456975791847,0.29967105248145226,0.06500131219091243,0.9686609686609686,303,101,-0.0011597972423721,0.25742574257425743,0.4389438943894389,0.30363036303630364,0.40924092409240925,0.1419141914191419,0.11551155115511551,0.1617161716171617,0.3333333333333333,-0.13342667670227315,-0.32252516218022464,-0.00558383644427201,0.0032860648282276852,0.3092,-0.9704258939501101,-1.3984795283027545,-1.2526547126145695
locked_holdout,-1,R1_repaired,540,180,0.10185185185185185,0.15555555555555556,0.37962962962962965,-0.008557371442406047,0.05501423637617088,-0.048517617224339754,0.07376044463109283,1.3808465006041657,0.0952933574793514,1.6323861355106735,0.26166887391344773,0.11796075571618192,0.987037037037037,510,170,-0.003168742674714637,0.2372549019607843,0.492156862745098,0.27058823529411763,0.3862745098039216,0.13529411764705881,0.11372549019607843,0.1568627450980392,0.3411764705882353,-0.43800388501064313,-0.44955147872472734,-0.0061236520083090456,-6.914528823068879e-05,0.0228,-2.9058201266600077,-3.8308028936449072,-1.5789586365561612
discovery_oof,0,R1_frozen_pattern,348,116,0.06321839080459771,0.06609195402298851,0.21264367816091953,-0.0018730806792810243,0.038054411883588546,-0.034277493240126036,0.050332303444170494,1.2560202191962204,0.0525640474206671,1.2573604443748088,0.1971434816365534,0.015500196524366128,0.0,0,0,,,,,,,,,,,,,,,,,
discovery_oof,1,R1_frozen_pattern,348,116,0.14367816091954022,0.1781609195402299,0.41954022988505746,0.003923445529406828,0.06108868366082221,-0.052142240484808235,0.09509490438117843,1.510892322301736,0.12027670089372114,1.4812587825937826,0.3847479293168339,0.03479230056822358,0.0,0,0,,,,,,,,,,,,,,,,,
discovery_oof,2,R1_frozen_pattern,348,116,0.11781609195402298,0.13218390804597702,0.3735632183908046,-0.001426805869368204,0.053942502426702135,-0.04547044563751156,0.08013569764282835,1.4702073535210158,0.09440265981886997,1.4002138107082764,0.32435559533720243,0.049207623053602156,0.3074712643678161,102,34,-0.006367539839582037,0.24509803921568626,0.5784313725490197,0.17647058823529413,0.3235294117647059,0.12745098039215685,0.11764705882352941,0.14705882352941177,0.37254901960784315,-0.20142836775210304,-0.22609297907847414,-0.013395614547875431,0.0009550555186145826,0.044,-5.632260444288209,-6.738970363891814,-4.02757092545142
discovery_oof,3,R1_frozen_pattern,348,116,0.09770114942528736,0.11494252873563218,0.27873563218390807,-0.0002266932321822862,0.04733065026086993,-0.037243513742548244,0.05378609890829724,1.8164758442857738,0.05928461095458243,1.9388257236551478,0.22021546046164048,0.05852017172226759,0.9913793103448276,345,115,-0.00231366032897583,0.20579710144927535,0.4289855072463768,0.3652173913043478,0.4144927536231884,0.1072463768115942,0.1072463768115942,0.11594202898550725,0.2579710144927536,-0.2525400106810972,-0.32820196391271006,-0.0062296110883094434,0.001428953459030072,0.111,-2.1278637909756464,-2.7663176527312894,-1.837314978885414
discovery_oof,4,R1_frozen_pattern,351,117,0.14814814814814814,0.18233618233618235,0.3903133903133903,-0.006040891581409098,0.058609303286434065,-0.04707485387690173,0.09195842691618002,1.611033954323566,0.11241701835553425,1.6219624484214583,0.3275791171968429,0.06273427311654739,0.9743589743589743,303,101,-0.0015711265559763593,0.2838283828382838,0.504950495049505,0.21122112211221122,0.40594059405940597,0.13861386138613863,0.12211221122112212,0.1551155115511551,0.3333333333333333,-0.1700418931467268,-0.34599621100072553,-0.0060878507318817224,0.002896905704056038,0.2436,-1.2781250329455007,-1.772083230144366,-1.416505749696955
locked_holdout,-1,R1_frozen_pattern,540,180,0.14444444444444443,0.16666666666666666,0.34074074074074073,-0.005360357217861297,0.056001391329905434,-0.04523719217928751,0.08487331364960897,1.7018829386203649,0.10698171214095646,1.5578986663353338,0.28421818366817153,0.0565225570725692,0.9888888888888889,510,170,-0.002423308363933871,0.2823529411764706,0.5215686274509804,0.19607843137254902,0.3862745098039216,0.14705882352941177,0.13333333333333333,0.15490196078431373,0.3235294117647059,-0.3617221449309531,-0.41040089654511724,-0.005465716706858335,0.0006872361606144984,0.059,-2.230615776923136,-2.92360874595639,-1.5073840397125735
discovery_oof,0,monkey_seed42,348,116,0.040229885057471264,0.04597701149425287,0.1839080459770115,-0.002049042310357197,0.03025027276801534,-0.030762406780558173,0.04564895748842862,0.8812881448096374,0.047117339459059465,0.9757981248963042,0.18784097711083525,-0.003932931133823758,0.0028735632183908046,0,0,,,,,,,,,,,,,,,,,
discovery_oof,1,monkey_seed42,348,116,0.08620689655172414,0.10057471264367816,0.3448275862068966,0.001214760122948098,0.04728502784759294,-0.04713604843812081,0.08115637637599567,1.0622319576262194,0.10153037947213228,0.9905873805118947,0.349122557150131,-0.004294970943234444,0.011494252873563218,0,0,,,,,,,,,,,,,,,,,
discovery_oof,2,monkey_seed42,348,116,0.06896551724137931,0.07758620689655173,0.27011494252873564,-0.0030365316724016932,0.0447886710676243,-0.042565318069843316,0.06639738248633299,1.0386782529503318,0.08075844971533853,0.9607193695524309,0.3067675014224566,-0.03665255889372099,0.3132183908045977,102,34,-0.006691225921847464,0.14705882352941177,0.49019607843137253,0.3627450980392157,0.37254901960784315,0.06862745098039216,0.06862745098039216,0.09803921568627451,0.23529411764705882,-0.20964838341255065,-0.24797686865999158,-0.013218138013654738,0.00027608417640993224,0.0298,-6.217185283063507,-7.382298156725609,-3.710037294894505
discovery_oof,3,monkey_seed42,348,116,0.04597701149425287,0.04885057471264368,0.22126436781609196,-0.00096990740756763,0.03316846368198339,-0.03164927094944685,0.04851179424888749,0.947749144432176,0.052411433593344395,0.932059502353454,0.20732402874067526,0.013940339075416697,0.9913793103448276,345,115,-0.0017205154725026522,0.1826086956521739,0.39710144927536234,0.42028985507246375,0.42318840579710143,0.05217391304347826,0.04927536231884058,0.05217391304347826,0.19710144927536233,-0.20353680553794284,-0.24548046960596348,-0.005930696184129509,0.0023605370657788947,0.2144,-1.4435210817410888,-2.0107526134947626,-2.0953462626619284
discovery_oof,4,monkey_seed42,351,117,0.06837606837606838,0.07692307692307693,0.28774928774928776,-0.006483620516784234,0.044291869611985155,-0.04066538128494662,0.08105974031199842,0.8435268619525468,0.09436788155790177,0.8151404445365117,0.2949923631027221,-0.007243075353434325,0.9743589743589743,303,101,-0.004267309845026886,0.19801980198019803,0.47194719471947194,0.33003300330033003,0.38283828382838286,0.07920792079207921,0.07590759075907591,0.08250825082508251,0.2706270627062706,-0.3645018360810791,-0.40582496186852923,-0.008223271465646219,-0.00025719369545086396,0.0188,-3.9462931659651104,-4.93172725022483,-1.9853281429115484
locked_holdout,-1,monkey_seed42,540,180,0.06666666666666667,0.09259259259259259,0.2740740740740741,-0.009228305578049524,0.03881813777169314,-0.03822555321346162,0.07538532168446395,0.8843454558131295,0.09505004404996253,0.9741457094319893,0.26435412625155413,0.009719947822519948,0.9796296296296296,510,170,-0.004384576818527807,0.18235294117647058,0.4294117647058823,0.38823529411764707,0.37254901960784315,0.06862745098039216,0.06666666666666667,0.07647058823529412,0.24901960784313726,-0.5441140686365081,-0.5609604146482324,-0.007495677914914116,-0.0011948394953697845,0.003,-3.9311185895385,-4.959585347929788,-1.4525824950425161
discovery_oof,0,safeup_pareto_rank,348,116,0.0603448275862069,0.0603448275862069,0.1810344827586207,0.0015511981998625726,0.038298356434403005,-0.03120812453818569,0.046670643610876084,1.292993259088979,0.049408905161918745,1.2213350485798027,0.18826694301092162,-0.007232460252300926,0.0,0,0,,,,,,,,,,,,,,,,,
discovery_oof,1,safeup_pareto_rank,348,116,0.10919540229885058,0.13505747126436782,0.3706896551724138,0.0039685266644337025,0.054934548115260586,-0.04900574717834882,0.09231480316094065,1.182859070917158,0.11505965522861486,1.1738038932588386,0.367819348729097,0.002870306443316817,0.0,0,0,,,,,,,,,,,,,,,,,
discovery_oof,2,safeup_pareto_rank,348,116,0.07183908045977011,0.08045977011494253,0.32471264367816094,-0.004458105512497823,0.04147796687243975,-0.041494384673692826,0.07258983937342699,0.9896575206649141,0.08678702379932078,0.9270944732589416,0.3207093400845652,0.004003303593595742,0.3045977011494253,102,34,-0.005234954848250167,0.21568627450980393,0.5686274509803921,0.21568627450980393,0.3627450980392157,0.058823529411764705,0.058823529411764705,0.0784313725490196,0.3333333333333333,-0.1728644203085189,-0.20986318573874085,-0.013906542195348282,0.003675307534468836,0.1198,-3.8157735700624897,-5.109449818922531,-4.143817798721291
discovery_oof,3,safeup_pareto_rank,348,116,0.0603448275862069,0.06609195402298851,0.21839080459770116,-0.0017252057917594885,0.03453638979569024,-0.03174553431649551,0.05112764331643019,1.1802779019703948,0.05439357996834474,1.2150690221429041,0.20987727430347103,0.008513530294230132,0.9913793103448276,345,115,-0.0019256429850269335,0.17971014492753623,0.3855072463768116,0.43478260869565216,0.4434782608695652,0.06956521739130435,0.06956521739130435,0.06956521739130435,0.17391304347826086,-0.22003467056927828,-0.27850274973750433,-0.005893232424755536,0.0020622447939515434,0.1678,-1.6965105570193713,-2.2999182291116886,-1.9589792411764189
discovery_oof,4,safeup_pareto_rank,351,117,0.1225071225071225,0.1396011396011396,0.29914529914529914,-0.0037464474787587783,0.05021993503441672,-0.03865745137012309,0.08194179510899854,1.495050509256774,0.09808203270335171,1.4233100166608708,0.3126232360347693,-0.013477936889470188,0.98005698005698,303,101,-0.0007560402204231389,0.25742574257425743,0.45874587458745875,0.2838283828382838,0.42244224422442245,0.12871287128712872,0.1188118811881188,0.132013201320132,0.2706270627062706,-0.10076498455008742,-0.280382189521996,-0.005349243531039682,0.004030883136684893,0.3794,-0.5907403247292222,-0.8507648820800363,-1.1368542137699293
locked_holdout,-1,safeup_pareto_rank,540,180,0.1037037037037037,0.11666666666666667,0.24814814814814815,-0.002812420246683481,0.04661722496247199,-0.037074203181007924,0.07495049133696938,1.3836294046087432,0.0948093054715573,1.2305402522083293,0.25765478020479426,-0.00950663205664612,0.987037037037037,510,170,-0.003286123402256869,0.22156862745098038,0.4549019607843137,0.3235294117647059,0.38235294117647056,0.09803921568627451,0.08627450980392157,0.10588235294117647,0.2607843137254902,-0.4503656897740633,-0.5093760091946171,-0.006457137854890167,-4.485444188799348e-05,0.0236,-2.9228554121385906,-3.9514257947405906,-1.4200801105269254
