scope,cohort,primary,comparator,metric,n_paired_dates,delta_primary_minus_comparator,ci95_lo,ci95_hi,p_delta_gt_zero,p_preferred_direction,preferred_direction,bootstrap_draws,seed,stream_seed
discovery_oof,common_0915_complete_dates,safeup_head,up10_control,safe_up10_rate,250,0.012000000000000002,-0.009333333333333336,0.033333333333333326,0.8574,0.8574,higher,5000,42,3294555684771959526
discovery_oof,common_0915_complete_dates,safeup_head,up10_control,up10_rate,250,-0.028,-0.05466666666666666,-0.0013333333333333322,0.0206,0.0206,higher,5000,42,5148193790834602097
discovery_oof,common_0915_complete_dates,safeup_head,up10_control,dn5_rate,250,-0.068,-0.096,-0.04,0.0,1.0,lower,5000,42,12222497709295612395
discovery_oof,common_0915_complete_dates,safeup_head,up10_control,path_net_mean,250,-0.0004996566357653214,-0.002915033806858583,0.0019968767142422702,0.3318,0.3318,higher,5000,42,13784922907790058275
discovery_oof,common_0915_complete_dates,safeup_head,up10_control,path_sl_first,250,-0.005333333333333332,-0.036,0.025333333333333343,0.3888,0.6078,lower,5000,42,13244088078428510569
discovery_oof,common_0915_complete_dates,safeup_head,up10_control,path_safe_up10,250,0.011999999999999999,-0.012,0.034666666666666665,0.8388,0.8388,higher,5000,42,6118093003048651571
discovery_oof,common_0915_complete_dates,safeup_head,up10_control,path_up10,250,-0.018666666666666668,-0.04536666666666666,0.008,0.0842,0.0842,higher,5000,42,14324152422868951973
discovery_oof,common_0915_complete_dates,safeup_head,up10_control,path_dn5,250,-0.06666666666666665,-0.0947,-0.038666666666666655,0.0,1.0,lower,5000,42,16165080753689070335
discovery_oof,common_0915_complete_dates,safeup_head,R1_repaired,safe_up10_rate,250,0.05999999999999999,0.030666666666666665,0.08933333333333335,1.0,1.0,higher,5000,42,11000539361563074804
discovery_oof,common_0915_complete_dates,safeup_head,R1_repaired,up10_rate,250,0.09733333333333333,0.06266666666666666,0.13199999999999998,1.0,1.0,higher,5000,42,5547441088490933882
discovery_oof,common_0915_complete_dates,safeup_head,R1_repaired,dn5_rate,250,0.2306666666666667,0.188,0.2733333333333333,1.0,0.0,lower,5000,42,8557589457527989755
discovery_oof,common_0915_complete_dates,safeup_head,R1_repaired,path_net_mean,250,-0.001754476737495699,-0.004692520252797038,0.0011468889977263857,0.116,0.116,higher,5000,42,8591953661926140353
discovery_oof,common_0915_complete_dates,safeup_head,R1_repaired,path_sl_first,250,0.176,0.12933333333333336,0.22266666666666665,1.0,0.0,lower,5000,42,7677498261702075650
discovery_oof,common_0915_complete_dates,safeup_head,R1_repaired,path_safe_up10,250,0.08666666666666666,0.05466666666666666,0.11866666666666666,1.0,1.0,higher,5000,42,7131213180237646301
discovery_oof,common_0915_complete_dates,safeup_head,R1_repaired,path_up10,250,0.10666666666666666,0.072,0.1413333333333333,1.0,1.0,higher,5000,42,7451728494805899152
discovery_oof,common_0915_complete_dates,safeup_head,R1_repaired,path_dn5,250,0.19866666666666666,0.15733333333333333,0.24133333333333332,1.0,0.0,lower,5000,42,14086985785695190320
discovery_oof,common_0915_complete_dates,safeup_head,R1_frozen_pattern,safe_up10_rate,250,0.054666666666666655,0.022666666666666665,0.088,0.9998,0.9998,higher,5000,42,3016152737707473273
discovery_oof,common_0915_complete_dates,safeup_head,R1_frozen_pattern,up10_rate,250,0.104,0.06666666666666665,0.14,1.0,1.0,higher,5000,42,11649991695667037437
discovery_oof,common_0915_complete_dates,safeup_head,R1_frozen_pattern,dn5_rate,250,0.204,0.16266666666666668,0.24666666666666667,1.0,0.0,lower,5000,42,8529963953943450948
discovery_oof,common_0915_complete_dates,safeup_head,R1_frozen_pattern,path_net_mean,250,-0.0010465286399907296,-0.004204416631967269,0.0021157219214455267,0.263,0.263,higher,5000,42,3506751079021993345
discovery_oof,common_0915_complete_dates,safeup_head,R1_frozen_pattern,path_sl_first,250,0.12666666666666665,0.08266666666666665,0.172,1.0,0.0,lower,5000,42,13342500387803658445
discovery_oof,common_0915_complete_dates,safeup_head,R1_frozen_pattern,path_safe_up10,250,0.08,0.048,0.112,1.0,1.0,higher,5000,42,12666527315446597675
discovery_oof,common_0915_complete_dates,safeup_head,R1_frozen_pattern,path_up10,250,0.10933333333333332,0.07333333333333333,0.14533333333333331,1.0,1.0,higher,5000,42,18189095707272501
discovery_oof,common_0915_complete_dates,safeup_head,R1_frozen_pattern,path_dn5,250,0.19466666666666668,0.152,0.236,1.0,0.0,lower,5000,42,11324099201937019070
discovery_oof,common_0915_complete_dates,safeup_head,monkey_seed42,safe_up10_rate,250,0.10533333333333332,0.07333333333333335,0.136,1.0,1.0,higher,5000,42,7157523036766473886
discovery_oof,common_0915_complete_dates,safeup_head,monkey_seed42,up10_rate,250,0.172,0.136,0.20669999999999955,1.0,1.0,higher,5000,42,17183038593307691192
discovery_oof,common_0915_complete_dates,safeup_head,monkey_seed42,dn5_rate,250,0.30666666666666664,0.2653333333333333,0.3493333333333334,1.0,0.0,lower,5000,42,1473309602936741583
discovery_oof,common_0915_complete_dates,safeup_head,monkey_seed42,path_net_mean,250,-0.00018609591800388,-0.003544455331724109,0.0032364341213574252,0.4638,0.4638,higher,5000,42,13157215765024965794
discovery_oof,common_0915_complete_dates,safeup_head,monkey_seed42,path_sl_first,250,0.16666666666666669,0.12133333333333333,0.212,1.0,0.0,lower,5000,42,15576532071143730360
discovery_oof,common_0915_complete_dates,safeup_head,monkey_seed42,path_safe_up10,250,0.132,0.09999999999999999,0.1653333333333333,1.0,1.0,higher,5000,42,8054538714343318563
discovery_oof,common_0915_complete_dates,safeup_head,monkey_seed42,path_up10,250,0.17466666666666664,0.14,0.212,1.0,1.0,higher,5000,42,11670492767991296779
discovery_oof,common_0915_complete_dates,safeup_head,monkey_seed42,path_dn5,250,0.26666666666666666,0.2253333333333333,0.31066666666666665,1.0,0.0,lower,5000,42,6110789093461878196
discovery_oof,common_0915_complete_dates,safeup_head,safeup_pareto_rank,safe_up10_rate,250,0.07466666666666666,0.04,0.10933333333333332,1.0,1.0,higher,5000,42,7188731505163414060
discovery_oof,common_0915_complete_dates,safeup_head,safeup_pareto_rank,up10_rate,250,0.136,0.09733333333333334,0.1733333333333333,1.0,1.0,higher,5000,42,10283442611660907380
discovery_oof,common_0915_complete_dates,safeup_head,safeup_pareto_rank,dn5_rate,250,0.2826666666666667,0.2386666666666667,0.32533333333333336,1.0,0.0,lower,5000,42,12532335764932282464
discovery_oof,common_0915_complete_dates,safeup_head,safeup_pareto_rank,path_net_mean,250,-0.0017083430565918566,-0.005466226446345635,0.002059402920439229,0.1808,0.1808,higher,5000,42,8117132871584642121
discovery_oof,common_0915_complete_dates,safeup_head,safeup_pareto_rank,path_sl_first,250,0.16666666666666666,0.11466666666666665,0.21866666666666665,1.0,0.0,lower,5000,42,4011874106744317409
discovery_oof,common_0915_complete_dates,safeup_head,safeup_pareto_rank,path_safe_up10,250,0.10666666666666666,0.068,0.14533333333333331,1.0,1.0,higher,5000,42,3760220205213913670
discovery_oof,common_0915_complete_dates,safeup_head,safeup_pareto_rank,path_up10,250,0.14933333333333332,0.10933333333333334,0.18933333333333333,1.0,1.0,higher,5000,42,5053164201050487326
discovery_oof,common_0915_complete_dates,safeup_head,safeup_pareto_rank,path_dn5,250,0.264,0.22266666666666665,0.30533333333333335,1.0,0.0,lower,5000,42,16371344119728564985
discovery_oof,common_0915_complete_dates,safeup_pareto_rank,safeup_head,safe_up10_rate,250,-0.07466666666666666,-0.10933333333333332,-0.041333333333333326,0.0,0.0,higher,5000,42,15550604412261452089
discovery_oof,common_0915_complete_dates,safeup_pareto_rank,safeup_head,up10_rate,250,-0.136,-0.17466666666666666,-0.09733333333333334,0.0,0.0,higher,5000,42,4629216464039466339
discovery_oof,common_0915_complete_dates,safeup_pareto_rank,safeup_head,dn5_rate,250,-0.2826666666666667,-0.3253666666666667,-0.2386666666666667,0.0,1.0,lower,5000,42,4416882820685104347
discovery_oof,common_0915_complete_dates,safeup_pareto_rank,safeup_head,path_net_mean,250,0.0017083430565918566,-0.0021177782590053526,0.005575637587189533,0.818,0.818,higher,5000,42,1908500063330477647
discovery_oof,common_0915_complete_dates,safeup_pareto_rank,safeup_head,path_sl_first,250,-0.16666666666666666,-0.21866666666666668,-0.11333333333333334,0.0,1.0,lower,5000,42,9057080235901291587
discovery_oof,common_0915_complete_dates,safeup_pareto_rank,safeup_head,path_safe_up10,250,-0.10666666666666666,-0.144,-0.06933333333333333,0.0,0.0,higher,5000,42,2002913427488653172
discovery_oof,common_0915_complete_dates,safeup_pareto_rank,safeup_head,path_up10,250,-0.14933333333333332,-0.18933333333333333,-0.11066666666666666,0.0,0.0,higher,5000,42,5963150338626079756
discovery_oof,common_0915_complete_dates,safeup_pareto_rank,safeup_head,path_dn5,250,-0.264,-0.30666666666666664,-0.22133333333333333,0.0,1.0,lower,5000,42,1059975517304550164
discovery_oof,common_0915_complete_dates,safeup_pareto_rank,up10_control,safe_up10_rate,250,-0.06266666666666666,-0.096,-0.02933333333333333,0.0002,0.0002,higher,5000,42,18197960501439309833
discovery_oof,common_0915_complete_dates,safeup_pareto_rank,up10_control,up10_rate,250,-0.164,-0.2013333333333333,-0.12533333333333332,0.0,0.0,higher,5000,42,5711316900178645601
discovery_oof,common_0915_complete_dates,safeup_pareto_rank,up10_control,dn5_rate,250,-0.3506666666666667,-0.39333333333333337,-0.30533333333333335,0.0,1.0,lower,5000,42,2138572990794945428
discovery_oof,common_0915_complete_dates,safeup_pareto_rank,up10_control,path_net_mean,250,0.0012086864208265351,-0.002608251237486748,0.00502124164010432,0.7256,0.7256,higher,5000,42,11296137225976379030
discovery_oof,common_0915_complete_dates,safeup_pareto_rank,up10_control,path_sl_first,250,-0.172,-0.224,-0.11999999999999998,0.0,1.0,lower,5000,42,1327915546992409090
discovery_oof,common_0915_complete_dates,safeup_pareto_rank,up10_control,path_safe_up10,250,-0.09466666666666666,-0.13066666666666665,-0.05866666666666666,0.0,0.0,higher,5000,42,5983849781775856121
discovery_oof,common_0915_complete_dates,safeup_pareto_rank,up10_control,path_up10,250,-0.168,-0.2053333333333333,-0.13066666666666665,0.0,0.0,higher,5000,42,18418763092298064848
discovery_oof,common_0915_complete_dates,safeup_pareto_rank,up10_control,path_dn5,250,-0.3306666666666666,-0.372,-0.28933333333333333,0.0,1.0,lower,5000,42,11923931921671831079
discovery_oof,common_0915_complete_dates,safeup_pareto_rank,R1_repaired,safe_up10_rate,250,-0.014666666666666665,-0.041333333333333326,0.01066666666666667,0.1366,0.1366,higher,5000,42,10948421311867092545
discovery_oof,common_0915_complete_dates,safeup_pareto_rank,R1_repaired,up10_rate,250,-0.03866666666666666,-0.06666666666666665,-0.011999999999999997,0.002,0.002,higher,5000,42,8792653680482619418
discovery_oof,common_0915_complete_dates,safeup_pareto_rank,R1_repaired,dn5_rate,250,-0.052,-0.08933333333333333,-0.013333333333333334,0.005,0.995,lower,5000,42,10709161553158465104
discovery_oof,common_0915_complete_dates,safeup_pareto_rank,R1_repaired,path_net_mean,250,-4.6133680903842675e-05,-0.0029496633103981472,0.002808804735172005,0.4828,0.4828,higher,5000,42,7447055070407360392
discovery_oof,common_0915_complete_dates,safeup_pareto_rank,R1_repaired,path_sl_first,250,0.009333333333333338,-0.03733333333333333,0.05866666666666667,0.6598,0.3376,lower,5000,42,7292868069369920550
discovery_oof,common_0915_complete_dates,safeup_pareto_rank,R1_repaired,path_safe_up10,250,-0.02,-0.04533333333333333,0.005333333333333333,0.059,0.059,higher,5000,42,6153283567954758708
discovery_oof,common_0915_complete_dates,safeup_pareto_rank,R1_repaired,path_up10,250,-0.042666666666666665,-0.06933333333333334,-0.015999999999999997,0.0008,0.0008,higher,5000,42,12711072531322440636
discovery_oof,common_0915_complete_dates,safeup_pareto_rank,R1_repaired,path_dn5,250,-0.06533333333333333,-0.10266666666666666,-0.029333333333333326,0.0,1.0,lower,5000,42,8402417670116278225
discovery_oof,common_0915_complete_dates,safeup_pareto_rank,R1_frozen_pattern,safe_up10_rate,250,-0.02,-0.04533333333333333,0.005333333333333335,0.0678,0.0678,higher,5000,42,15501352508033625166
discovery_oof,common_0915_complete_dates,safeup_pareto_rank,R1_frozen_pattern,up10_rate,250,-0.032,-0.058666666666666666,-0.005300000000000479,0.0122,0.0122,higher,5000,42,10232782914476263353
discovery_oof,common_0915_complete_dates,safeup_pareto_rank,R1_frozen_pattern,dn5_rate,250,-0.07866666666666666,-0.11333333333333334,-0.04533333333333333,0.0,1.0,lower,5000,42,12296206607053317326
discovery_oof,common_0915_complete_dates,safeup_pareto_rank,R1_frozen_pattern,path_net_mean,250,0.0006618144166011269,-0.0017196215849083546,0.003058720352994605,0.7054,0.7054,higher,5000,42,8434280092962667451
discovery_oof,common_0915_complete_dates,safeup_pareto_rank,R1_frozen_pattern,path_sl_first,250,-0.04,-0.07999999999999999,-0.001333333333333326,0.024,0.9758,lower,5000,42,15738613671936061863
discovery_oof,common_0915_complete_dates,safeup_pareto_rank,R1_frozen_pattern,path_safe_up10,250,-0.026666666666666665,-0.05203333333333332,-1.0824674490099315e-18,0.0238,0.0238,higher,5000,42,7254474110542418568
discovery_oof,common_0915_complete_dates,safeup_pareto_rank,R1_frozen_pattern,path_up10,250,-0.04,-0.068,-0.013333333333333332,0.0018,0.0018,higher,5000,42,14719375510065975808
discovery_oof,common_0915_complete_dates,safeup_pareto_rank,R1_frozen_pattern,path_dn5,250,-0.06933333333333334,-0.10666666666666666,-0.033333333333333326,0.0002,0.9998,lower,5000,42,4480179089265943411
discovery_oof,common_0915_complete_dates,safeup_pareto_rank,monkey_seed42,safe_up10_rate,250,0.03066666666666667,0.0026666666666666666,0.05866666666666667,0.9832,0.9832,higher,5000,42,11827552324907164733
discovery_oof,common_0915_complete_dates,safeup_pareto_rank,monkey_seed42,up10_rate,250,0.036000000000000004,0.007999999999999998,0.06533333333333333,0.993,0.993,higher,5000,42,13297763197676489843
discovery_oof,common_0915_complete_dates,safeup_pareto_rank,monkey_seed42,dn5_rate,250,0.024,-0.011999999999999997,0.05866666666666667,0.9074,0.0906,lower,5000,42,6453739018794751042
discovery_oof,common_0915_complete_dates,safeup_pareto_rank,monkey_seed42,path_net_mean,250,0.0015222471385879768,-0.0009339199084860719,0.0040029027391363554,0.8896,0.8896,higher,5000,42,17417174587351829691
discovery_oof,common_0915_complete_dates,safeup_pareto_rank,monkey_seed42,path_sl_first,250,8.881784197001253e-19,-0.03866666666666666,0.03866666666666667,0.4914,0.5064,lower,5000,42,15619740980624178822
discovery_oof,common_0915_complete_dates,safeup_pareto_rank,monkey_seed42,path_safe_up10,250,0.02533333333333333,8.881784197001253e-19,0.052,0.9762,0.9762,higher,5000,42,3409581317690314444
discovery_oof,common_0915_complete_dates,safeup_pareto_rank,monkey_seed42,path_up10,250,0.02533333333333333,-1.7763568394002505e-18,0.05199999999999999,0.9696,0.9696,higher,5000,42,14351691021056143359
discovery_oof,common_0915_complete_dates,safeup_pareto_rank,monkey_seed42,path_dn5,250,0.0026666666666666713,-0.030666666666666665,0.036,0.5724,0.4236,lower,5000,42,1381944194100767709
locked_holdout,common_0915_complete_dates,safeup_head,up10_control,safe_up10_rate,170,0.02156862745098039,-0.01568627450980392,0.05691176470588165,0.87,0.87,higher,5000,42,14266221451788755479
locked_holdout,common_0915_complete_dates,safeup_head,up10_control,up10_rate,170,-0.05490196078431373,-0.09411764705882353,-0.01372549019607843,0.0024,0.0024,higher,5000,42,12456025458561733839
locked_holdout,common_0915_complete_dates,safeup_head,up10_control,dn5_rate,170,-0.09411764705882353,-0.13725490196078433,-0.052941176470588235,0.0,1.0,lower,5000,42,15797598286767190585
locked_holdout,common_0915_complete_dates,safeup_head,up10_control,path_net_mean,170,0.002670055662977177,-0.0008007997957400232,0.00613908079197438,0.9352,0.9352,higher,5000,42,8210492275897952695
locked_holdout,common_0915_complete_dates,safeup_head,up10_control,path_sl_first,170,-0.045098039215686274,-0.09019607843137256,-0.0019607843137254893,0.022,0.9776,lower,5000,42,7403598500051122687
locked_holdout,common_0915_complete_dates,safeup_head,up10_control,path_safe_up10,170,-2.6122894697062506e-18,-0.03725490196078431,0.037254901960784306,0.4916,0.4916,higher,5000,42,17977443007075481946
locked_holdout,common_0915_complete_dates,safeup_head,up10_control,path_up10,170,-0.07254901960784313,-0.11568627450980391,-0.03137254901960784,0.0002,0.0002,higher,5000,42,14796861877674652846
locked_holdout,common_0915_complete_dates,safeup_head,up10_control,path_dn5,170,-0.09215686274509803,-0.13529411764705881,-0.050980392156862744,0.0,1.0,lower,5000,42,13091584874410920291
locked_holdout,common_0915_complete_dates,safeup_head,R1_repaired,safe_up10_rate,170,0.06274509803921569,0.021568627450980392,0.10392156862745097,0.999,0.999,higher,5000,42,263105712267773678
locked_holdout,common_0915_complete_dates,safeup_head,R1_repaired,up10_rate,170,0.10196078431372546,0.052941176470588235,0.15098039215686274,1.0,1.0,higher,5000,42,7530714960648858652
locked_holdout,common_0915_complete_dates,safeup_head,R1_repaired,dn5_rate,170,0.23529411764705882,0.19215686274509802,0.2784313725490196,1.0,0.0,lower,5000,42,5779956437088496333
locked_holdout,common_0915_complete_dates,safeup_head,R1_repaired,path_net_mean,170,0.002375621503967807,-0.0011987163378645437,0.005879232708815469,0.913,0.913,higher,5000,42,1031115395389966046
locked_holdout,common_0915_complete_dates,safeup_head,R1_repaired,path_sl_first,170,0.10392156862745097,0.05098039215686275,0.15490196078431373,1.0,0.0,lower,5000,42,6753135308798838861
locked_holdout,common_0915_complete_dates,safeup_head,R1_repaired,path_safe_up10,170,0.04901960784313725,0.009754901960784322,0.09019607843137255,0.9914,0.9914,higher,5000,42,4543916822828441418
locked_holdout,common_0915_complete_dates,safeup_head,R1_repaired,path_up10,170,0.0764705882352941,0.029411764705882353,0.12549019607843137,0.9996,0.9996,higher,5000,42,8795851706490319117
locked_holdout,common_0915_complete_dates,safeup_head,R1_repaired,path_dn5,170,0.23137254901960783,0.1901960784313725,0.27254901960784317,1.0,0.0,lower,5000,42,18319306096901347859
locked_holdout,common_0915_complete_dates,safeup_head,R1_frozen_pattern,safe_up10_rate,170,0.02745098039215686,-0.013725490196078433,0.07058823529411766,0.9112,0.9112,higher,5000,42,10855097763324761483
locked_holdout,common_0915_complete_dates,safeup_head,R1_frozen_pattern,up10_rate,170,0.0980392156862745,0.047058823529411764,0.14705882352941177,1.0,1.0,higher,5000,42,8132188437063661950
locked_holdout,common_0915_complete_dates,safeup_head,R1_frozen_pattern,dn5_rate,170,0.27647058823529413,0.23137254901960783,0.3215686274509804,1.0,0.0,lower,5000,42,15496574388700808414
locked_holdout,common_0915_complete_dates,safeup_head,R1_frozen_pattern,path_net_mean,170,0.0016301871931870408,-0.0020744439497957586,0.005441567373995003,0.8082,0.8082,higher,5000,42,7126738498090188371
locked_holdout,common_0915_complete_dates,safeup_head,R1_frozen_pattern,path_sl_first,170,0.07450980392156863,0.0196078431372549,0.12941176470588237,0.9968,0.0032,lower,5000,42,13765724391964824659
locked_holdout,common_0915_complete_dates,safeup_head,R1_frozen_pattern,path_safe_up10,170,0.029411764705882353,-0.013725490196078428,0.07058823529411765,0.9052,0.9052,higher,5000,42,45272188667262321
locked_holdout,common_0915_complete_dates,safeup_head,R1_frozen_pattern,path_up10,170,0.0784313725490196,0.029411764705882353,0.12941176470588237,0.999,0.999,higher,5000,42,10662749100607740410
locked_holdout,common_0915_complete_dates,safeup_head,R1_frozen_pattern,path_dn5,170,0.24901960784313723,0.20392156862745098,0.29607843137254897,1.0,0.0,lower,5000,42,15077335523243390363
locked_holdout,common_0915_complete_dates,safeup_head,monkey_seed42,safe_up10_rate,170,0.10588235294117647,0.06470588235294118,0.14705882352941177,1.0,1.0,higher,5000,42,8704733056370507603
locked_holdout,common_0915_complete_dates,safeup_head,monkey_seed42,up10_rate,170,0.1725490196078431,0.12745098039215685,0.21960784313725487,1.0,1.0,higher,5000,42,4123450260231578605
locked_holdout,common_0915_complete_dates,safeup_head,monkey_seed42,dn5_rate,170,0.3431372549019608,0.28823529411764703,0.39803921568627454,1.0,0.0,lower,5000,42,15754333434535524432
locked_holdout,common_0915_complete_dates,safeup_head,monkey_seed42,path_net_mean,170,0.0035914556477809768,-0.0005754225842927676,0.007851949930714502,0.9548,0.9548,higher,5000,42,3798362575099619223
locked_holdout,common_0915_complete_dates,safeup_head,monkey_seed42,path_sl_first,170,0.16666666666666669,0.10196078431372549,0.22941176470588234,1.0,0.0,lower,5000,42,2106924273961826828
locked_holdout,common_0915_complete_dates,safeup_head,monkey_seed42,path_safe_up10,170,0.09607843137254901,0.058823529411764705,0.13529411764705881,1.0,1.0,higher,5000,42,6562754852878170655
locked_holdout,common_0915_complete_dates,safeup_head,monkey_seed42,path_up10,170,0.1568627450980392,0.11568627450980391,0.2,1.0,1.0,higher,5000,42,3613905057874178280
locked_holdout,common_0915_complete_dates,safeup_head,monkey_seed42,path_dn5,170,0.3235294117647059,0.2647058823529412,0.38235294117647056,1.0,0.0,lower,5000,42,13610990109262747912
locked_holdout,common_0915_complete_dates,safeup_head,safeup_pareto_rank,safe_up10_rate,170,0.07254901960784314,0.029411764705882353,0.11568627450980391,0.9996,0.9996,higher,5000,42,3510141437754184789
locked_holdout,common_0915_complete_dates,safeup_head,safeup_pareto_rank,up10_rate,170,0.15098039215686274,0.10196078431372549,0.2,1.0,1.0,higher,5000,42,6088106787409837250
locked_holdout,common_0915_complete_dates,safeup_head,safeup_pareto_rank,dn5_rate,170,0.3666666666666667,0.30980392156862746,0.42156862745098034,1.0,0.0,lower,5000,42,14206901092853735849
locked_holdout,common_0915_complete_dates,safeup_head,safeup_pareto_rank,path_net_mean,170,0.0024930022315100392,-0.002007366843934986,0.006925092232978254,0.8636,0.8636,higher,5000,42,5111484666404590615
locked_holdout,common_0915_complete_dates,safeup_head,safeup_pareto_rank,path_sl_first,170,0.1411764705882353,0.07647058823529412,0.20784313725490194,1.0,0.0,lower,5000,42,7825050957762929773
locked_holdout,common_0915_complete_dates,safeup_head,safeup_pareto_rank,path_safe_up10,170,0.07647058823529411,0.03529411764705882,0.11769607843137184,0.9996,0.9996,higher,5000,42,17875045955348679506
locked_holdout,common_0915_complete_dates,safeup_head,safeup_pareto_rank,path_up10,170,0.12745098039215685,0.08039215686274509,0.17450980392156862,1.0,1.0,higher,5000,42,7740343446245167579
locked_holdout,common_0915_complete_dates,safeup_head,safeup_pareto_rank,path_dn5,170,0.31176470588235294,0.25686274509803925,0.3666666666666667,1.0,0.0,lower,5000,42,9812257154910919667
locked_holdout,common_0915_complete_dates,safeup_pareto_rank,safeup_head,safe_up10_rate,170,-0.07254901960784314,-0.1196078431372549,-0.02745098039215687,0.0006,0.0006,higher,5000,42,12422175258743869781
locked_holdout,common_0915_complete_dates,safeup_pareto_rank,safeup_head,up10_rate,170,-0.15098039215686274,-0.20196078431372547,-0.10191176470588303,0.0,0.0,higher,5000,42,15281032580499805377
locked_holdout,common_0915_complete_dates,safeup_pareto_rank,safeup_head,dn5_rate,170,-0.3666666666666667,-0.4235294117647059,-0.31176470588235294,0.0,1.0,lower,5000,42,15058193375007324099
locked_holdout,common_0915_complete_dates,safeup_pareto_rank,safeup_head,path_net_mean,170,-0.0024930022315100392,-0.006869550111000315,0.0019479233199194098,0.1302,0.1302,higher,5000,42,10299811164296951581
locked_holdout,common_0915_complete_dates,safeup_pareto_rank,safeup_head,path_sl_first,170,-0.1411764705882353,-0.20588235294117646,-0.07647058823529412,0.0,1.0,lower,5000,42,8012882311458537738
locked_holdout,common_0915_complete_dates,safeup_pareto_rank,safeup_head,path_safe_up10,170,-0.07647058823529411,-0.1196078431372549,-0.03720588235294188,0.0,0.0,higher,5000,42,12860634373241517017
locked_holdout,common_0915_complete_dates,safeup_pareto_rank,safeup_head,path_up10,170,-0.12745098039215685,-0.17450980392156862,-0.08039215686274509,0.0,0.0,higher,5000,42,6697104792413382832
locked_holdout,common_0915_complete_dates,safeup_pareto_rank,safeup_head,path_dn5,170,-0.31176470588235294,-0.3666666666666667,-0.2568627450980392,0.0,1.0,lower,5000,42,5121868698952744615
locked_holdout,common_0915_complete_dates,safeup_pareto_rank,up10_control,safe_up10_rate,170,-0.050980392156862744,-0.09019607843137255,-0.00980392156862745,0.0058,0.0058,higher,5000,42,11950360565286782101
locked_holdout,common_0915_complete_dates,safeup_pareto_rank,up10_control,up10_rate,170,-0.20588235294117646,-0.2549019607843137,-0.1568137254901968,0.0,0.0,higher,5000,42,17410446132138959038
locked_holdout,common_0915_complete_dates,safeup_pareto_rank,up10_control,dn5_rate,170,-0.4607843137254902,-0.5176470588235295,-0.40392156862745093,0.0,1.0,lower,5000,42,15955974085509792945
locked_holdout,common_0915_complete_dates,safeup_pareto_rank,up10_control,path_net_mean,170,0.0001770534314671383,-0.004467878733356357,0.0049137146988243304,0.5258,0.5258,higher,5000,42,12177974693737307884
locked_holdout,common_0915_complete_dates,safeup_pareto_rank,up10_control,path_sl_first,170,-0.18627450980392155,-0.2529411764705882,-0.1196078431372549,0.0,1.0,lower,5000,42,17725585964567237939
locked_holdout,common_0915_complete_dates,safeup_pareto_rank,up10_control,path_safe_up10,170,-0.07647058823529412,-0.11568627450980391,-0.03725490196078431,0.0002,0.0002,higher,5000,42,2765380534594661368
locked_holdout,common_0915_complete_dates,safeup_pareto_rank,up10_control,path_up10,170,-0.2,-0.24705882352941178,-0.15098039215686276,0.0,0.0,higher,5000,42,14771913279966077697
locked_holdout,common_0915_complete_dates,safeup_pareto_rank,up10_control,path_dn5,170,-0.40392156862745093,-0.4588725490196079,-0.34705882352941175,0.0,1.0,lower,5000,42,3317496310953518433
locked_holdout,common_0915_complete_dates,safeup_pareto_rank,R1_repaired,safe_up10_rate,170,-0.00980392156862745,-0.0392156862745098,0.0196078431372549,0.239,0.239,higher,5000,42,6744778645721360455
locked_holdout,common_0915_complete_dates,safeup_pareto_rank,R1_repaired,up10_rate,170,-0.04901960784313725,-0.08431372549019608,-0.01372549019607843,0.0032,0.0032,higher,5000,42,10147855184049343713
locked_holdout,common_0915_complete_dates,safeup_pareto_rank,R1_repaired,dn5_rate,170,-0.13137254901960785,-0.17647058823529413,-0.08823529411764706,0.0,1.0,lower,5000,42,16053244433479158635
locked_holdout,common_0915_complete_dates,safeup_pareto_rank,R1_repaired,path_net_mean,170,-0.00011738072754223187,-0.003318314585636852,0.003196699195796168,0.4834,0.4834,higher,5000,42,9614094142708061326
locked_holdout,common_0915_complete_dates,safeup_pareto_rank,R1_repaired,path_sl_first,170,-0.03725490196078432,-0.08431372549019607,0.007892156862744396,0.0586,0.9406,lower,5000,42,6718709339227248670
locked_holdout,common_0915_complete_dates,safeup_pareto_rank,R1_repaired,path_safe_up10,170,-0.02745098039215686,-0.056862745098039215,-0.0019607843137254884,0.0196,0.0196,higher,5000,42,14683936543331467049
locked_holdout,common_0915_complete_dates,safeup_pareto_rank,R1_repaired,path_up10,170,-0.050980392156862744,-0.08627450980392155,-0.01764705882352941,0.0012,0.0012,higher,5000,42,8670044639032723935
locked_holdout,common_0915_complete_dates,safeup_pareto_rank,R1_repaired,path_dn5,170,-0.08039215686274509,-0.1254901960784314,-0.037254901960784306,0.0002,0.9998,lower,5000,42,8325642466317962511
locked_holdout,common_0915_complete_dates,safeup_pareto_rank,R1_frozen_pattern,safe_up10_rate,170,-0.045098039215686274,-0.08039215686274509,-0.009803921568627449,0.0062,0.0062,higher,5000,42,16240246436719252145
locked_holdout,common_0915_complete_dates,safeup_pareto_rank,R1_frozen_pattern,up10_rate,170,-0.052941176470588235,-0.09019607843137255,-0.01568627450980392,0.0036,0.0036,higher,5000,42,9780511577058042497
locked_holdout,common_0915_complete_dates,safeup_pareto_rank,R1_frozen_pattern,dn5_rate,170,-0.09019607843137255,-0.13333333333333333,-0.04901960784313725,0.0,1.0,lower,5000,42,11843374715372860785
locked_holdout,common_0915_complete_dates,safeup_pareto_rank,R1_frozen_pattern,path_net_mean,170,-0.0008628150383229979,-0.004262892056242146,0.0025933854798404787,0.3056,0.3056,higher,5000,42,13114975746531008661
locked_holdout,common_0915_complete_dates,safeup_pareto_rank,R1_frozen_pattern,path_sl_first,170,-0.06666666666666667,-0.11960784313725492,-0.015686274509803925,0.0064,0.9934,lower,5000,42,15482458053540884424
locked_holdout,common_0915_complete_dates,safeup_pareto_rank,R1_frozen_pattern,path_safe_up10,170,-0.047058823529411764,-0.08039215686274509,-0.01372549019607843,0.0014,0.0014,higher,5000,42,15851319255689656081
locked_holdout,common_0915_complete_dates,safeup_pareto_rank,R1_frozen_pattern,path_up10,170,-0.04901960784313725,-0.08431372549019607,-0.013725490196078433,0.0014,0.0014,higher,5000,42,1355518867998254197
locked_holdout,common_0915_complete_dates,safeup_pareto_rank,R1_frozen_pattern,path_dn5,170,-0.06274509803921567,-0.10588235294117647,-0.0196078431372549,0.0034,0.9966,lower,5000,42,3031735825727671320
locked_holdout,common_0915_complete_dates,safeup_pareto_rank,monkey_seed42,safe_up10_rate,170,0.03333333333333333,-0.0019607843137254832,0.06666666666666667,0.9696,0.9696,higher,5000,42,16528281754593724921
locked_holdout,common_0915_complete_dates,safeup_pareto_rank,monkey_seed42,up10_rate,170,0.02156862745098039,-0.011813725490196067,0.0568627450980392,0.884,0.884,higher,5000,42,11234404886467501452
locked_holdout,common_0915_complete_dates,safeup_pareto_rank,monkey_seed42,dn5_rate,170,-0.02352941176470588,-0.06862745098039216,0.02352941176470588,0.1516,0.8454,lower,5000,42,4758284359219953417
locked_holdout,common_0915_complete_dates,safeup_pareto_rank,monkey_seed42,path_net_mean,170,0.0010984534162709375,-0.0027978147411378655,0.004953089857261526,0.708,0.708,higher,5000,42,6662539494499212171
locked_holdout,common_0915_complete_dates,safeup_pareto_rank,monkey_seed42,path_sl_first,170,0.025490196078431376,-0.027450980392156866,0.07647058823529412,0.8222,0.1762,lower,5000,42,9185994585423166162
locked_holdout,common_0915_complete_dates,safeup_pareto_rank,monkey_seed42,path_safe_up10,170,0.0196078431372549,-0.011764705882352941,0.050980392156862744,0.8876,0.8876,higher,5000,42,6836388956635502201
locked_holdout,common_0915_complete_dates,safeup_pareto_rank,monkey_seed42,path_up10,170,0.02941176470588235,-0.0039215686274509795,0.0627450980392157,0.958,0.958,higher,5000,42,8080579439290943911
locked_holdout,common_0915_complete_dates,safeup_pareto_rank,monkey_seed42,path_dn5,170,0.011764705882352941,-0.03333333333333333,0.056862745098039215,0.6828,0.311,lower,5000,42,523872204944370643
