head,fold,leaf,rule,depth,support_train,support_val,support_val_top100,pos_train_pct,pos_val_pct,pos_val_top100_pct,base_val_pct,lift_val,lift_val_top100,fail_eod_val_pct
h2_hit_3_4h,1,3,atr_pct_14 <= +0.050 AND atr_pct_14 <= +0.036 AND atr_14 <= +14.929,3,1282,1230,1120,3.58814352574103,6.4227642276422765,6.607142857142858,15.543438304129396,0.4132138656822122,0.4250760177937947,0.47127979600220793
h2_hit_3_4h,1,4,atr_pct_14 <= +0.050 AND atr_pct_14 <= +0.036 AND atr_14 > +14.929,3,981,938,893,0.8154943934760449,5.223880597014925,5.039193729003359,15.543438304129396,0.33608269256790546,0.32420070967596704,0.4688615487272154
h2_hit_3_4h,1,6,atr_pct_14 <= +0.050 AND atr_pct_14 > +0.036 AND log_return_1d <= +0.010,3,3841,2460,2271,5.701640197865139,5.731707317073171,5.812417437252312,15.543438304129396,0.3687541459569109,0.3739466985054483,0.2457479106890401
h2_hit_3_4h,1,7,atr_pct_14 <= +0.050 AND atr_pct_14 > +0.036 AND log_return_1d > +0.010,3,1226,1588,1537,11.745513866231647,13.727959697732997,13.98828887443071,15.543438304129396,0.8831996775183208,0.8999481711015296,0.25995204123844406
h2_hit_3_4h,1,10,atr_pct_14 > +0.050 AND log_return_1d <= +0.029 AND atr_pct_14 <= +0.081,3,5130,5153,4958,10.097465886939572,12.516980399767125,12.787414279951593,15.543438304129396,0.8052903196097715,0.8226889076758767,0.05970956455828873
h2_hit_3_4h,1,11,atr_pct_14 > +0.050 AND log_return_1d <= +0.029 AND atr_pct_14 > +0.081,3,1274,2848,2757,22.52747252747253,22.85814606741573,22.778382299601017,15.543438304129396,1.4705977931113896,1.4654661249274252,-0.4236032664810835
h2_hit_3_4h,1,13,atr_pct_14 > +0.050 AND log_return_1d > +0.029 AND log_return_1d <= +0.048,3,504,937,921,28.174603174603174,25.613660618996796,26.058631921824105,15.543438304129396,1.6478761080932824,1.6765037060623298,-0.3922220324097592
h2_hit_3_4h,1,14,atr_pct_14 > +0.050 AND log_return_1d > +0.029 AND log_return_1d > +0.048,3,501,1168,1143,43.31337325349301,44.00684931506849,44.70691163604549,15.543438304129396,2.83121716405419,2.8762562543300536,-1.2598814107842358
h2_hit_3_4h,2,3,atr_pct_14 <= +0.051 AND log_return_1d <= +0.032 AND atr_pct_14 <= +0.034,3,3211,758,602,2.6471504204297727,3.95778364116095,2.990033222591362,15.572782084409992,0.2541475004086207,0.1920037926675095,-0.39509496702218405
h2_hit_3_4h,2,4,atr_pct_14 <= +0.051 AND log_return_1d <= +0.032 AND atr_pct_14 > +0.034,3,9771,2727,2297,6.631869818851705,5.720572057205721,5.137135393992163,15.572782084409992,0.3673442565495488,0.3298791035633242,-0.5016756112645891
h2_hit_3_4h,2,5,atr_pct_14 <= +0.051 AND log_return_1d > +0.032,2,953,407,364,19.727177334732424,21.375921375921376,21.978021978021978,15.572782084409992,1.3726462786197298,1.411309929009044,0.13399408903517906
h2_hit_3_4h,2,8,atr_pct_14 > +0.051 AND log_return_1d <= +0.033 AND atr_pct_14 <= +0.085,3,10663,6771,5960,11.638375691644002,11.652636242800178,11.275167785234899,15.572782084409992,0.7482693959010511,0.7240304092177942,-0.47889039273927
h2_hit_3_4h,2,9,atr_pct_14 > +0.051 AND log_return_1d <= +0.033 AND atr_pct_14 > +0.085,3,3749,4214,3978,24.1397706054948,21.476032273374464,21.568627450980394,15.572782084409992,1.3790748600325085,1.3850208224882874,-0.3758754753399746
h2_hit_3_4h,2,11,atr_pct_14 > +0.051 AND log_return_1d > +0.033 AND return_7d <= +0.920,3,1843,2025,1892,30.27672273467173,26.320987654320987,26.955602536997887,15.572782084409992,1.6901917404129794,1.7309432823813353,-1.084636016337335
h2_hit_3_4h,2,12,atr_pct_14 > +0.051 AND log_return_1d > +0.033 AND return_7d > +0.920,3,835,513,507,54.25149700598803,41.32553606237816,41.81459566074951,15.572782084409992,2.6537028411737307,2.6851076085248993,-1.8014807144358262
h2_hit_3_4h,3,3,atr_pct_14 <= +0.056 AND log_return_1d <= +0.032 AND btc_return_5d <= +0.097,3,19826,5267,3636,5.770200746494502,7.2716916650844885,6.820682068206821,20.081595648232096,0.3621072644057874,0.3396484117937753,-0.2896715239009992
h2_hit_3_4h,3,4,atr_pct_14 <= +0.056 AND log_return_1d <= +0.032 AND btc_return_5d > +0.097,3,1117,283,176,14.95076096687556,12.014134275618375,11.931818181818182,20.081595648232096,0.598265919007091,0.5941668376769957,1.2230472444309624
h2_hit_3_4h,3,6,atr_pct_14 <= +0.056 AND log_return_1d > +0.032 AND btc_return_14d <= +0.104,3,1248,444,367,16.266025641025642,19.36936936936937,20.435967302452315,20.081595648232096,0.9645333821406056,1.0176465884697472,0.44354988064357864
h2_hit_3_4h,3,7,atr_pct_14 <= +0.056 AND log_return_1d > +0.032 AND btc_return_14d > +0.104,3,798,524,392,33.583959899749374,30.343511450381676,31.122448979591837,20.081595648232096,1.511010976513363,1.5497996038144377,0.31126372902144933
h2_hit_3_4h,3,10,atr_pct_14 > +0.056 AND log_return_1d <= +0.029 AND atr_pct_14 <= +0.085,3,12690,5042,4175,12.088258471237195,15.98571995239984,15.54491017964072,20.081595648232096,0.7960383344242449,0.7740874008191293,-0.5159572909065199
h2_hit_3_4h,3,11,atr_pct_14 > +0.056 AND log_return_1d <= +0.029 AND atr_pct_14 > +0.085,3,7714,4894,3927,22.439719989629246,26.031875766244383,26.48332060096766,20.081595648232096,1.296305145380025,1.318785671461279,-0.8795413841728952
h2_hit_3_4h,3,13,atr_pct_14 > +0.056 AND log_return_1d > +0.029 AND return_7d <= +0.920,3,3685,2789,2321,28.222523744911804,34.70778056651129,35.67427832830676,20.081595648232096,1.728337786224016,1.776466320366698,-0.1713389454168238
h2_hit_3_4h,3,14,atr_pct_14 > +0.056 AND log_return_1d > +0.029 AND return_7d > +0.920,3,1245,611,606,51.08433734939759,45.335515548281506,45.37953795379538,20.081595648232096,2.2575654017947855,2.25975757846665,-1.7359641619769661
h2_hit_3_4h,4,3,atr_pct_14 <= +0.060 AND log_return_1d <= +0.032 AND btc_return_5d <= +0.114,3,29080,3977,1685,6.609353507565337,7.593663565501635,7.002967359050445,17.530239341168397,0.4331751220115124,0.39947927822094953,-0.8085931941930866
h2_hit_3_4h,4,6,atr_pct_14 <= +0.060 AND log_return_1d > +0.032 AND btc_return_5d <= +0.131,3,3070,537,326,20.26058631921824,17.690875232774676,21.165644171779142,17.530239341168397,1.0091633598652037,1.2073790756566158,-0.5431808559533163
h2_hit_3_4h,4,10,atr_pct_14 > +0.060 AND log_return_1d <= +0.030 AND atr_pct_14 <= +0.078,3,12340,5241,2964,12.990275526742302,13.41347071169624,15.114709851551957,17.530239341168397,0.7651618697638516,0.862207843110062,-0.6193514052403876
h2_hit_3_4h,4,11,atr_pct_14 > +0.060 AND log_return_1d <= +0.030 AND atr_pct_14 > +0.078,3,14534,9894,7570,22.30631622402642,18.475843945825755,20.079260237780712,17.530239341168397,1.0539413402323994,1.1454070789909947,-0.5744992884124264
h2_hit_3_4h,4,13,atr_pct_14 > +0.060 AND log_return_1d > +0.030 AND log_return_1d <= +0.081,3,5720,2846,2301,31.18881118881119,26.879831342234716,30.160799652325075,17.530239341168397,1.5333408072250065,1.7205013043658106,-1.5178370422693168
h2_hit_3_4h,4,14,atr_pct_14 > +0.060 AND log_return_1d > +0.030 AND log_return_1d > +0.081,3,1750,819,754,51.142857142857146,48.10744810744811,51.591511936339515,17.530239341168397,2.744255065272927,2.9430010014284793,-4.629400238317104
h2_hit_3_4h,5,3,atr_pct_14 <= +0.064 AND log_return_1d <= +0.032 AND atr_pct_14 <= +0.048,3,20081,6871,2129,5.662068622080573,4.671809052539659,5.166744950681071,11.606552815554242,0.4025147799507574,0.4451575788943107,-0.36926045462387014
h2_hit_3_4h,5,4,atr_pct_14 <= +0.064 AND log_return_1d <= +0.032 AND atr_pct_14 > +0.048,3,17976,6725,2967,9.779706275033378,7.405204460966543,7.954162453656892,11.606552815554242,0.638019279164666,0.6853165259367375,-0.2587066311597115
h2_hit_3_4h,5,6,atr_pct_14 <= +0.064 AND log_return_1d > +0.032 AND btc_return_5d <= +0.131,3,4439,1802,1113,20.635278215814374,14.983351831298558,19.67654986522911,11.606552815554242,1.2909390125911444,1.6952966292334497,0.1033021230175431
h2_hit_3_4h,5,10,atr_pct_14 > +0.064 AND log_return_1d <= +0.044 AND atr_pct_14 <= +0.090,3,22305,7284,4733,15.651199282672046,12.108731466227347,13.73336150433129,11.606552815554242,1.0432668216526895,1.1832420635631673,-0.4751745715675153
h2_hit_3_4h,5,11,atr_pct_14 > +0.064 AND log_return_1d <= +0.044 AND atr_pct_14 > +0.090,3,18880,4425,3281,23.64406779661017,18.983050847457626,21.334958854007922,11.606552815554242,1.6355459841631832,1.8381822056085761,-0.8038307284378914
h2_hit_3_4h,5,13,atr_pct_14 > +0.064 AND log_return_1d > +0.044 AND roc_3d <= +0.935,3,4826,1092,840,33.920430998756736,24.175824175824175,28.095238095238095,11.606552815554242,2.082946121903269,2.420635871969405,0.015373673848781853
h2_hit_3_4h,5,14,atr_pct_14 > +0.064 AND log_return_1d > +0.044 AND roc_3d > +0.935,3,1963,552,537,55.06877228731534,47.46376811594203,48.4171322160149,11.606552815554242,4.089394057840723,4.171534217388805,-2.5028310492928147
h5_tail_20,1,3,log_return_1d <= +0.048 AND atr_pct_14 <= +0.082 AND range_contraction_3d <= +0.129,3,1476,1251,1221,1.2872628726287263,1.1191047162270185,1.1466011466011465,1.6051954417350813,0.6971766098571525,0.7143062562909891,0.04447903978754128
h5_tail_20,1,4,log_return_1d <= +0.048 AND atr_pct_14 <= +0.082 AND range_contraction_3d > +0.129,3,11357,10582,10008,0.272959408294444,0.6615006615006614,0.6694644284572342,1.6051954417350813,0.4120997632448014,0.41706100768240373,0.3808505654147935
h5_tail_20,1,6,log_return_1d <= +0.048 AND atr_pct_14 > +0.082 AND macd <= +0.647,3,588,1353,1281,1.0204081632653061,2.4390243902439024,1.717408274785324,1.6051954417350813,1.5194563396015641,1.0699060252307657,-0.04120739073238285
h5_tail_20,1,7,log_return_1d <= +0.048 AND atr_pct_14 > +0.082 AND macd > +0.647,3,713,1728,1708,3.9270687237026647,3.0671296296296298,2.9859484777517564,1.6051954417350813,1.9107515196494207,1.8601775211398537,-0.2111857132795201
h5_tail_20,1,8,log_return_1d > +0.048,1,605,1408,1382,6.776859504132231,6.534090909090909,6.58465991316932,1.6051954417350813,4.070589000693962,4.102092332166017,-0.6523765159089616
h5_tail_20,2,3,vol_5d <= +0.830 AND log_return_1d <= +0.035 AND atr_pct_14 <= +0.068,3,18921,6959,5868,0.3858147032397865,0.3879867797097284,0.34083162917518744,1.1828883146712603,0.3279995033322777,0.28813508845077135,-0.313884305969583
h5_tail_20,2,4,vol_5d <= +0.830 AND log_return_1d <= +0.035 AND atr_pct_14 > +0.068,3,4648,5497,4989,1.0972461273666092,1.1096961979261415,1.0823812387251954,1.1828883146712603,0.9381242372273668,0.9150324889514213,-0.03812069036579693
h5_tail_20,2,6,vol_5d <= +0.830 AND log_return_1d > +0.035 AND btc_return_21d <= +0.104,3,1245,1210,1097,1.9277108433734942,1.0743801652892562,1.0938924339106655,1.1828883146712603,0.9082684746850678,0.9247639192502058,-0.8178182050644276
h5_tail_20,2,7,vol_5d <= +0.830 AND log_return_1d > +0.035 AND btc_return_21d > +0.104,3,786,717,678,4.4529262086514,4.463040446304045,4.277286135693215,1.1828883146712603,3.773002396717715,3.615967866655211,0.7691141955161455
h5_tail_20,2,10,vol_5d > +0.830 AND return_7d <= +0.910 AND atr_pct_14 <= +0.083,3,2112,986,954,0.7102272727272727,0.7099391480730223,0.628930817610063,1.1828883146712603,0.6001742846452274,0.5316907858582158,-0.6939392969983497
h5_tail_20,2,11,vol_5d > +0.830 AND return_7d <= +0.910 AND atr_pct_14 > +0.083,3,1436,1098,1070,3.2729805013927575,1.7304189435336976,1.7757009345794394,1.1828883146712603,1.4628760146426867,1.5011568823155794,-0.34181621440828713
h5_tail_20,2,13,vol_5d > +0.830 AND return_7d > +0.910 AND log_return_1d <= +0.059,3,1303,650,647,4.98848810437452,3.5384615384615383,3.554868624420402,1.1828883146712603,2.9913741598207615,3.005244519139869,-0.6969028539334956
h5_tail_20,2,14,vol_5d > +0.830 AND return_7d > +0.910 AND log_return_1d > +0.059,3,574,298,297,13.588850174216027,8.053691275167784,8.080808080808081,1.1828883146712603,6.808496774613931,6.831421006178289,-1.8855226537241279
h5_tail_20,3,3,roc_7d <= +0.906 AND atr_pct_14 <= +0.065 AND log_return_1d <= +0.037,3,25397,7540,5420,0.35831003661849825,0.583554376657825,0.6273062730627307,1.8333837010174274,0.3182936426968257,0.34215765784031466,-0.10556422369104414
h5_tail_20,3,4,roc_7d <= +0.906 AND atr_pct_14 <= +0.065 AND log_return_1d > +0.037,3,1776,978,780,2.2522522522522523,3.374233128834356,2.6923076923076925,1.8333837010174274,1.8404402346120137,1.468491124260355,1.0244742125172404
h5_tail_20,3,6,roc_7d <= +0.906 AND atr_pct_14 > +0.065 AND atr_pct_14 <= +0.167,3,15878,9161,7298,1.2470084393500442,2.106756904268093,2.027952863798301,1.8333837010174274,1.1491085598169977,1.1061257186222928,0.1657816530605306
h5_tail_20,3,7,roc_7d <= +0.906 AND atr_pct_14 > +0.065 AND atr_pct_14 > +0.167,3,531,245,222,6.779661016949152,0.8163265306122449,0.45045045045045046,1.8333837010174274,0.44525678403229424,0.2456934956934957,0.3575421551995537
h5_tail_20,3,10,roc_7d > +0.906 AND vol_5d <= +0.615 AND btc_return_3d <= -0.007,3,515,199,183,0.0,0.5025125628140703,0.546448087431694,1.8333837010174274,0.27409023137666355,0.2980544046117816,-0.08936990793991492
h5_tail_20,3,11,roc_7d > +0.906 AND vol_5d <= +0.615 AND btc_return_3d > -0.007,3,554,236,220,1.263537906137184,3.8135593220338984,3.6363636363636362,1.8333837010174274,2.0800661203203576,1.9834165834165831,-0.718071923797101
h5_tail_20,3,13,roc_7d > +0.906 AND vol_5d > +0.615 AND btc_return_21d <= +0.015,3,1631,405,399,2.942979767014102,2.4691358024691357,2.506265664160401,1.8333837010174274,1.3467643467643466,1.367016442204412,-0.5222725449292991
h5_tail_20,3,14,roc_7d > +0.906 AND vol_5d > +0.615 AND btc_return_21d > +0.015,3,2041,1090,1078,8.525232729054386,6.605504587155964,6.679035250463822,1.8333837010174274,3.602903518499849,3.643010051173316,-1.4675234070285101
h5_tail_20,4,3,log_return_1d <= +0.037 AND atr_pct_14 <= +0.080 AND btc_return_21d <= +0.308,3,43273,9939,5082,0.4529383218172995,0.9357078176878962,0.9641873278236914,1.9130136398730377,0.4891276246990047,0.5040148735623664,-0.5098469287018806
h5_tail_20,4,6,log_return_1d <= +0.037 AND atr_pct_14 > +0.080 AND vol_7d <= +0.960,3,13053,9335,7070,1.6011644832605532,1.4997321906802357,1.640735502121641,1.9130136398730377,0.7839631455945967,0.8576705716695949,-0.3147513655518067
h5_tail_20,4,7,log_return_1d <= +0.037 AND atr_pct_14 > +0.080 AND vol_7d > +0.960,3,1661,648,638,6.381697772426249,6.327160493827161,6.426332288401254,1.9130136398730377,3.307430936167857,3.3592715464526197,-1.5242574397019184
h5_tail_20,4,10,log_return_1d > +0.037 AND log_return_1d <= +0.063 AND btc_return_14d <= +0.163,3,4252,1855,1445,1.8344308560677327,3.288409703504043,3.875432525951557,1.9130136398730377,1.718968247253212,2.0258258724223004,-1.1401902957655472
h5_tail_20,4,11,log_return_1d > +0.037 AND log_return_1d <= +0.063 AND btc_return_14d > +0.163,3,1189,55,31,4.878048780487805,0.0,0.0,1.9130136398730377,0.0,0.0,1.6990850903470425
h5_tail_20,4,13,log_return_1d > +0.037 AND log_return_1d > +0.063 AND range_contraction_14d <= +0.213,3,1056,367,336,12.784090909090908,9.264305177111716,9.821428571428571,1.9130136398730377,4.842780513434586,5.13400864830237,-3.4294950323051623
h5_tail_20,4,14,log_return_1d > +0.037 AND log_return_1d > +0.063 AND range_contraction_14d > +0.213,3,2538,1115,998,4.846335697399527,6.9058295964125564,7.515030060120241,1.9130136398730377,3.609921776026061,3.928372439947159,-2.2367573232300155
h5_tail_20,5,3,log_return_1d <= +0.039 AND atr_pct_14 <= +0.065 AND btc_return_5d <= +0.114,3,39281,14530,5615,0.414958885975408,0.4817618719889883,0.5164737310774711,1.290389899481757,0.37334597254866314,0.40024625989779977,-0.27515914467051333
h5_tail_20,5,6,log_return_1d <= +0.039 AND atr_pct_14 > +0.065 AND vol_7d <= +0.960,3,36045,10140,6725,1.370509085864891,1.5088757396449703,1.5464684014869887,1.290389899481757,1.1693176924671846,1.1984504854758065,-0.4597332845301584
h5_tail_20,5,7,log_return_1d <= +0.039 AND atr_pct_14 > +0.065 AND vol_7d > +0.960,3,2802,886,849,5.603140613847252,3.611738148984198,3.769140164899882,1.290389899481757,2.798951038313873,2.9209312366856204,-1.5710739581973852
h5_tail_20,5,10,log_return_1d > +0.039 AND log_return_1d <= +0.087 AND btc_return_5d <= +0.140,3,8523,2584,1855,2.921506511791623,2.3993808049535605,2.7493261455525606,1.290389899481757,1.8594231138334183,2.130616604064196,0.003380942597892372
h5_tail_20,5,13,log_return_1d > +0.039 AND log_return_1d > +0.087 AND return_5d <= +0.923,3,1210,264,214,6.446280991735537,6.4393939393939394,7.943925233644859,1.290389899481757,4.990269950175611,6.1562208731138375,-0.07396739652881987
h5_tail_20,5,14,log_return_1d > +0.039 AND log_return_1d > +0.087 AND return_5d > +0.923,3,1380,347,342,13.333333333333334,10.662824207492795,10.526315789473683,1.290389899481757,8.263257649316047,8.157469144559512,-3.028368056019575
h6_hit_5_24h,1,3,atr_pct_14 <= +0.047 AND btc_rv_30d <= +0.020 AND atr_pct_14 <= +0.039,3,2970,1827,1741,3.5690235690235688,10.50903119868637,10.626076967260195,19.868888616591104,0.5289189245296297,0.5348098312045048,0.149293217100473
h6_hit_5_24h,1,4,atr_pct_14 <= +0.047 AND btc_rv_30d <= +0.020 AND atr_pct_14 > +0.039,3,2734,1179,1140,7.571324067300658,14.079728583545378,14.12280701754386,19.868888616591104,0.7086319147105385,0.7108000497698146,-0.17268103256251024
h6_hit_5_24h,1,5,atr_pct_14 <= +0.047 AND btc_rv_30d > +0.020,2,518,2317,2088,16.023166023166024,9.883470004315924,10.10536398467433,19.868888616591104,0.497434466267174,0.5086023772983485,0.007171402419924634
h6_hit_5_24h,1,8,atr_pct_14 > +0.047 AND btc_return_5d <= +0.078 AND return_7d <= +0.855,3,6673,8250,7923,12.722913232429192,19.72121212121212,19.765240439227565,19.868888616591104,0.9925674506396059,0.9947833933058042,-0.849350832917838
h6_hit_5_24h,1,9,atr_pct_14 > +0.047 AND btc_return_5d <= +0.078 AND return_7d > +0.855,3,1295,1897,1874,27.413127413127413,41.960991038481815,42.26254002134472,19.868888616591104,2.111894220567685,2.127071163208105,-2.9152549166109614
h6_hit_5_24h,1,10,atr_pct_14 > +0.047 AND btc_return_5d > +0.078,2,549,852,834,46.44808743169399,27.347417840375588,27.45803357314149,19.868888616591104,1.3763939376830414,1.3819612210324248,-0.34633602645559053
h6_hit_5_24h,2,3,atr_pct_14 <= +0.050 AND btc_return_7d <= +0.087 AND log_return_1d <= +0.020,3,10794,2595,2146,6.679636835278859,7.20616570327553,6.989748369058714,21.940855584266437,0.32843594797839143,0.3185722791079757,-0.8804048468361063
h6_hit_5_24h,2,4,atr_pct_14 <= +0.050 AND btc_return_7d <= +0.087 AND log_return_1d > +0.020,3,1616,453,407,13.861386138613863,10.375275938189846,11.302211302211303,21.940855584266437,0.47287471987326923,0.5151217216121692,-1.126308741682212
h6_hit_5_24h,2,6,atr_pct_14 <= +0.050 AND btc_return_7d > +0.087 AND return_5d <= +0.498,3,506,359,276,15.41501976284585,23.955431754874652,24.637681159420293,21.940855584266437,1.0918184873361478,1.1229134189775043,-0.00890334847144953
h6_hit_5_24h,2,7,atr_pct_14 <= +0.050 AND btc_return_7d > +0.087 AND return_5d > +0.498,3,534,296,266,28.46441947565543,27.7027027027027,26.691729323308273,21.940855584266437,1.2626081328646104,1.2165309242748328,-0.14589677094584463
h6_hit_5_24h,2,10,atr_pct_14 > +0.050 AND roc_7d <= +0.856 AND btc_return_21d <= +0.025,3,6994,6698,5927,13.611667143265658,20.931621379516272,21.174287160452167,21.940855584266437,0.9540020579017952,0.9650620541724013,-1.3191412663355768
h6_hit_5_24h,2,11,atr_pct_14 > +0.050 AND roc_7d <= +0.856 AND btc_return_21d > +0.025,3,7354,4893,4505,22.953494696763666,26.609442060085836,26.392896781354054,21.940855584266437,1.2127805115843886,1.202911011377338,-1.6310251292458628
h6_hit_5_24h,2,13,atr_pct_14 > +0.050 AND roc_7d > +0.856 AND log_return_1d <= +0.055,3,2414,1637,1593,31.56586578293289,30.238240684178376,30.634023854362834,21.940855584266437,1.3781705352393783,1.3962091741003109,-2.2497148833951144
h6_hit_5_24h,2,14,atr_pct_14 > +0.050 AND roc_7d > +0.856 AND log_return_1d > +0.055,3,813,484,480,57.07257072570726,45.45454545454545,45.83333333333333,21.940855584266437,2.0716851847445934,2.088949227950798,-3.435223347188628
h6_hit_5_24h,3,3,atr_pct_14 <= +0.055 AND btc_return_5d <= +0.084 AND log_return_1d <= +0.028,3,18380,4648,3175,8.063112078346029,9.444922547332187,9.448818897637794,26.05016621335751,0.36256669036104644,0.3627162613953998,-0.5855736665711074
h6_hit_5_24h,3,4,atr_pct_14 <= +0.055 AND btc_return_5d <= +0.084 AND log_return_1d > +0.028,3,1908,887,701,18.238993710691823,23.900789177001126,24.53637660485021,26.05016621335751,0.9174908513537903,0.9418894453068369,-0.529199352354978
h6_hit_5_24h,3,6,atr_pct_14 <= +0.055 AND btc_return_5d > +0.084 AND atr_pct_14 <= +0.038,3,778,152,96,15.809768637532134,14.473684210526317,13.541666666666666,26.05016621335751,0.5556081328611552,0.5198303364269141,0.029075735145069552
h6_hit_5_24h,3,7,atr_pct_14 <= +0.055 AND btc_return_5d > +0.084 AND atr_pct_14 > +0.038,3,1134,487,333,36.067019400352734,35.93429158110883,32.432432432432435,26.05016621335751,1.379426575891985,1.2449990593842102,-0.8878451920080866
h6_hit_5_24h,3,10,atr_pct_14 > +0.055 AND roc_7d <= +0.903 AND atr_pct_14 <= +0.079,3,12718,5226,4303,17.675735178487184,22.33065442020666,22.100859865210317,26.05016621335751,0.8572173489148935,0.8483961170995468,-1.1970662743993015
h6_hit_5_24h,3,11,atr_pct_14 > +0.055 AND roc_7d <= +0.903 AND atr_pct_14 > +0.079,3,9950,6796,5364,27.326633165829143,36.65391406709829,36.707680835197614,26.05016621335751,1.4070510632021838,1.4091150334532354,-1.959469329679841
h6_hit_5_24h,3,13,atr_pct_14 > +0.055 AND roc_7d > +0.903 AND log_return_1d <= +0.053,3,2447,1151,1126,35.51287290559869,33.883579496090356,34.280639431616336,26.05016621335751,1.3007049252037468,1.3159470519630911,-2.866543562180693
h6_hit_5_24h,3,14,atr_pct_14 > +0.055 AND roc_7d > +0.903 AND log_return_1d > +0.053,3,1008,507,502,56.15079365079365,54.437869822485204,54.38247011952191,26.05016621335751,2.08973214898612,2.087605494495336,-4.527021239544157
h6_hit_5_24h,4,3,atr_pct_14 <= +0.060 AND btc_return_5d <= +0.117 AND log_return_1d <= +0.035,3,29427,3994,1691,9.477690556291842,11.342013019529293,11.886457717327026,25.079351462640474,0.4522450684749546,0.47395395112324656,-1.2323819018633229
h6_hit_5_24h,4,4,atr_pct_14 <= +0.060 AND btc_return_5d <= +0.117 AND log_return_1d > +0.035,3,2508,477,299,25.478468899521534,24.528301886792452,29.431438127090303,25.079351462640474,0.9780277581472194,1.1735326637506127,-1.4148491761351534
h6_hit_5_24h,4,10,atr_pct_14 > +0.060 AND log_return_1d <= +0.039 AND atr_pct_14 <= +0.079,3,13478,5767,3286,19.268437453628135,20.75602566325646,23.097991479001827,25.079351462640474,0.8276141308588354,0.9209963628210168,-1.4705426670124215
h6_hit_5_24h,4,11,atr_pct_14 > +0.060 AND log_return_1d <= +0.039 AND atr_pct_14 > +0.079,3,15297,10347,7964,30.025495195136305,29.3708321252537,31.05223505775992,25.079351462640474,1.1711160940108853,1.2381594118977504,-1.8725670962859957
h6_hit_5_24h,4,13,atr_pct_14 > +0.060 AND log_return_1d > +0.039 AND btc_return_21d <= +0.042,3,2250,1838,1568,34.17777777777778,36.7247007616975,40.30612244897959,25.079351462640474,1.4643401292256122,1.607143729734069,-4.001121791959869
h6_hit_5_24h,4,14,atr_pct_14 > +0.060 AND log_return_1d > +0.039 AND btc_return_21d > +0.042,3,3500,891,792,48.05714285714286,41.07744107744108,43.30808080808081,25.079351462640474,1.6378988563014558,1.7268421343588094,-3.6153131208782963
h6_hit_5_24h,5,3,atr_pct_14 <= +0.064 AND log_return_1d <= +0.028 AND btc_return_5d <= +0.114,3,35725,13136,4854,10.239328201539537,11.007917174177832,12.340337865677792,18.489791659420543,0.5953510659796593,0.6674135703086949,-0.7345163951346589
h6_hit_5_24h,5,6,atr_pct_14 <= +0.064 AND log_return_1d > +0.028 AND btc_return_5d <= +0.117,3,5526,2257,1353,23.07274701411509,21.00132919805051,26.681448632668143,18.489791659420543,1.1358337392271447,1.4430367374677233,-0.7893710234553212
h6_hit_5_24h,5,11,atr_pct_14 > +0.064 AND log_return_1d <= +0.048 AND btc_return_7d > -0.085,3,39476,11875,8143,25.6890262437937,23.52,25.874984649392115,18.489791659420543,1.2720532731376974,1.3994200219237634,-1.7220131260598448
h6_hit_5_24h,5,13,atr_pct_14 > +0.064 AND log_return_1d > +0.048 AND roc_7d <= +0.922,3,4194,1004,783,39.60419647114926,36.852589641434264,39.20817369093231,18.489791659420543,1.9931316869467202,2.1205308536267773,-1.9366128645522107
h6_hit_5_24h,5,14,atr_pct_14 > +0.064 AND log_return_1d > +0.048 AND roc_7d > +0.922,3,1767,479,467,57.27221279003961,48.643006263048015,48.60813704496788,18.489791659420543,2.630803372966316,2.6289175097439266,-4.173899119564361
